"","Study.ID","Sample.ID","Diagnosis.Age","Cancer.Type","Cancer.Type.Detailed","CN.Cluster","Converted.Stage","ER.Status","Fraction.Genome.Altered","HER2.Status","Integrated.Clusters..no.exp.","Integrated.Clusters..unsup.exp.","Integrated.Clusters..with.PAM50.","Metastasis","Metastasis.Coded","Methylation.Cluster","MIRNA.Cluster","Mutation.Count","Node","Node.Coded","Oncotree.Code","Overall.Survival..Months.","Overall.Survival.Status","PAM50.subtype","PR.Status","RPPA.Cluster","Number.of.Samples.Per.Patient","Sample.Type","Sex","SigClust.Intrinsic.mRNA","SigClust.Unsupervised.mRNA","Somatic.Status","Survival.Data.Form","TMB..nonsynonymous.","Tumor.Stage","Tumor..T1.Coded"
"1","brca_tcga_pub","TCGA-A1-A0SB-01",70,"Breast Cancer","Invasive Breast Carcinoma",1,"Stage I","Positive",8e-04,"Negative",NA,NA,NA,"M0","Negative",5,3,NA,"N0","Negative","BRCA",8.51,"0:LIVING",NA,"Negative",NA,1,"Primary","Female",NA,NA,"Matched","enrollment",NA,"T1","T1"
"2","brca_tcga_pub","TCGA-A1-A0SD-01",59,"Breast Cancer","Invasive Breast Carcinoma",2,"Stage IIA","Positive",0.2474,"Negative",NA,NA,NA,"M0","Negative",1,6,34,"N0","Negative","BRCA",14.36,"0:LIVING","Luminal A","Positive",NA,1,"Primary","Female",-9,-3,"Matched","enrollment",1.133333333,"T2","T_Other"
"3","brca_tcga_pub","TCGA-A1-A0SE-01",56,"Breast Cancer","Invasive Breast Carcinoma",2,"Stage I","Positive",0.2134,"Negative",NA,NA,NA,"M0","Negative",1,6,15,"N0","Negative","BRCA",43.37,"0:LIVING","Luminal A","Positive",NA,1,"Primary","Female",-5,-7,"Matched","enrollment",0.5,"T1","T1"
"4","brca_tcga_pub","TCGA-A1-A0SF-01",54,"Breast Cancer","Invasive Breast Carcinoma",3,"Stage IIA","Positive",0.2015,"Negative",NA,NA,NA,"M0","Negative",4,6,NA,"N0","Negative","BRCA",48.07,"0:LIVING",NA,"Positive",NA,1,"Primary","Female",NA,NA,"Matched","enrollment",NA,"T2","T_Other"
"5","brca_tcga_pub","TCGA-A1-A0SG-01",61,"Breast Cancer","Invasive Breast Carcinoma",4,"Stage IIB","Positive",0.0969,"Negative",NA,NA,NA,"M0","Negative",2,5,NA,"N1","Positive","BRCA",14.23,"0:LIVING",NA,"Positive",NA,1,"Primary","Female",NA,NA,"Matched","enrollment",NA,"T2","T_Other"
"6","brca_tcga_pub","TCGA-A1-A0SH-01",39,"Breast Cancer","Invasive Breast Carcinoma",5,"Stage IIA","Negative",0.1789,"Negative",1,1,1,"M0","Negative",2,4,76,"N0","Negative","BRCA",47.21,"0:LIVING","Luminal A","Positive","Her2",1,"Primary","Female",-5,-7,"Matched","enrollment",2.6,"T2","T_Other"
"7","brca_tcga_pub","TCGA-A1-A0SI-01",52,"Breast Cancer","Invasive Breast Carcinoma",3,"Stage IIB","Positive",0.3313,"Negative",NA,NA,NA,"M0","Negative",5,7,NA,"N1","Positive","BRCA",20.83,"0:LIVING",NA,"Positive",NA,1,"Primary","Female",NA,NA,"Matched","enrollment",NA,"T2","T_Other"
"8","brca_tcga_pub","TCGA-A1-A0SJ-01",39,"Breast Cancer","Invasive Breast Carcinoma",3,"Stage IIIA","Positive",0.46,"Negative",1,3,3,"M0","Negative",4,4,31,"N1","Positive","BRCA",14,"0:LIVING","Luminal A","Positive","ReacI",1,"Primary","Female",-3,-3,"Matched","enrollment",1.033333333,"T3","T_Other"
"9","brca_tcga_pub","TCGA-A1-A0SK-01",54,"Breast Cancer","Invasive Breast Carcinoma",1,"Stage IIA","Negative",0.4163,"Negative",2,2,2,"M0","Negative",5,5,49,"N0","Negative","BRCA",31.77,"1:DECEASED","Basal-like","Negative","Basal",1,"Primary","Female",-13,-6,"Matched","followup",1.6,"T2","T_Other"
"10","brca_tcga_pub","TCGA-A1-A0SM-01",77,"Breast Cancer","Invasive Breast Carcinoma",2,"Stage IIA","Positive",0.1807,"Positive",NA,NA,NA,"M0","Negative",4,4,24,"N0","Negative","BRCA",7.95,"0:LIVING","Luminal B","Negative",NA,1,"Primary","Male",-1,-3,"Matched","enrollment",0.8,"T2","T_Other"
"11","brca_tcga_pub","TCGA-A1-A0SN-01",50,"Breast Cancer","Invasive Breast Carcinoma",5,"Stage IIA","Positive",0.5518,"Positive",NA,NA,NA,"M0","Negative",3,4,NA,"N1","Positive","BRCA",39.29,"0:LIVING",NA,"Positive",NA,1,"Primary","Female",NA,NA,"Matched","enrollment",NA,"T1","T1"
"12","brca_tcga_pub","TCGA-A1-A0SO-01",67,"Breast Cancer","Invasive Breast Carcinoma",1,"Stage IIB","Negative",0.77,"Negative",2,2,2,"M0","Negative",5,5,164,"N1","Positive","BRCA",27.99,"0:LIVING","Basal-like","Negative","Basal",1,"Primary","Female",-13,0,"Matched","enrollment",5.466666667,"T2","T_Other"
"13","brca_tcga_pub","TCGA-A1-A0SP-01",40,"Breast Cancer","Invasive Breast Carcinoma",NA,"Stage IIA","Negative",0.3918,"Negative",NA,NA,NA,"M0","Negative",NA,NA,NA,"N0","Negative","BRCA",19.15,"0:LIVING",NA,"Negative",NA,1,"Primary","Female",NA,NA,"Matched","enrollment",NA,"T2","T_Other"
"14","brca_tcga_pub","TCGA-A1-A0SQ-01",45,"Breast Cancer","Invasive Breast Carcinoma",3,"Stage IIB","Positive",0.1094,"Negative",NA,NA,NA,"M0","Negative",2,2,NA,"N1","Positive","BRCA",18.17,"0:LIVING",NA,"Positive",NA,1,"Primary","Female",NA,NA,"Matched","enrollment",NA,"T2","T_Other"
"15","brca_tcga_pub","TCGA-A2-A04N-01",66,"Breast Cancer","Invasive Breast Carcinoma",4,"Stage I","Positive",0.0862,"Negative",3,3,3,"M0","Negative",2,6,38,"N0","Negative","BRCA",104.74,"0:LIVING","Luminal A","Positive","LumA",1,"Primary","Female",-5,-3,"Matched","followup",1.266666667,"T1","T1"
"16","brca_tcga_pub","TCGA-A2-A04P-01",36,"Breast Cancer","Invasive Breast Carcinoma",1,"No_Conversion","Negative",0.6407,"Negative",2,2,2,"M0","Negative",5,5,102,"N3","Positive","BRCA",17.97,"1:DECEASED","Basal-like","Negative","Basal",1,"Primary","Female",-13,0,"Matched","followup",3.4,"T2","T_Other"
"17","brca_tcga_pub","TCGA-A2-A04Q-01",48,"Breast Cancer","Invasive Breast Carcinoma",3,"Stage I","Negative",0.0853,"Negative",1,2,3,"M0","Negative",1,4,11,"N0","Negative","BRCA",41.89,"0:LIVING","Basal-like","Negative","ReacII",1,"Primary","Female",-13,-12,"Matched","followup",0.3,"T1","T1"
"18","brca_tcga_pub","TCGA-A2-A04R-01",36,"Breast Cancer","Invasive Breast Carcinoma",5,"Stage I","Positive",0.2643,"Negative",NA,NA,NA,"M0","Negative",4,4,68,"N0","Negative","BRCA",82.1,"0:LIVING","Luminal B","Positive",NA,1,"Primary","Female",-10,-3,"Matched","followup",2.233333333,"T1","T1"
"19","brca_tcga_pub","TCGA-A2-A04T-01",62,"Breast Cancer","Invasive Breast Carcinoma",1,"Stage IIA","Negative",0.6936,"Negative",NA,NA,NA,"M0","Negative",5,5,NA,"N0","Negative","BRCA",73.79,"0:LIVING","Basal-like","Negative","Basal",1,"Primary","Female",-13,-12,"Matched","followup",NA,"T2","T_Other"
"20","brca_tcga_pub","TCGA-A2-A04U-01",47,"Breast Cancer","Invasive Breast Carcinoma",NA,"Stage IIA","Negative",0.6677,"Negative",NA,NA,NA,"M0","Negative",5,5,43,"N0","Negative","BRCA",22.01,"0:LIVING","Basal-like","Negative","Basal",1,"Primary","Female",-13,0,"Matched","followup",1.433333333,"T2","T_Other"
"21","brca_tcga_pub","TCGA-A2-A04V-01",39,"Breast Cancer","Invasive Breast Carcinoma",2,"Stage IIA","Positive",0.1132,"Negative",3,3,3,"M0","Negative",2,2,28,"N0","Negative","BRCA",63.08,"1:DECEASED","Luminal A","Positive","LumA/B",1,"Primary","Female",0,-3,"Matched","enrollment",0.933333333,"T2","T_Other"
"22","brca_tcga_pub","TCGA-A2-A04W-01",50,"Breast Cancer","Invasive Breast Carcinoma",3,"No_Conversion","Negative",0.1065,"Positive",NA,NA,NA,"M0","Negative",1,4,85,"N1","Positive","BRCA",64,"0:LIVING","HER2-enriched","Negative","Her2",1,"Primary","Female",-11,-5,"Matched","followup",2.8,"T2","T_Other"
"23","brca_tcga_pub","TCGA-A2-A04X-01",34,"Breast Cancer","Invasive Breast Carcinoma",3,"Stage IIA","Positive",0.2434,"Positive",NA,NA,NA,"M0","Negative",1,4,25,"N0","Negative","BRCA",55.39,"0:LIVING","HER2-enriched","Positive",NA,1,"Primary","Female",-2,-5,"Matched","followup",0.833333333,"T2","T_Other"
"24","brca_tcga_pub","TCGA-A2-A04Y-01",53,"Breast Cancer","Invasive Breast Carcinoma",5,"No_Conversion","Positive",0.147,"Negative",2,3,3,"M0","Negative",1,5,38,"N1","Positive","BRCA",36.11,"0:LIVING","Luminal A","Positive","LumA",1,"Primary","Female",-2,-3,"Matched","followup",1.266666667,"T2","T_Other"
"25","brca_tcga_pub","TCGA-A2-A0CL-01",37,"Breast Cancer","Invasive Breast Carcinoma",3,"No_Conversion","Positive",0.0591,"Negative",1,1,1,"M0","Negative",1,4,18,"N2","Positive","BRCA",64.49,"0:LIVING","HER2-enriched","Positive","Basal",1,"Primary","Female",-2,-5,"Matched","followup",0.6,"T3","T_Other"
"26","brca_tcga_pub","TCGA-A2-A0CM-01",40,"Breast Cancer","Invasive Breast Carcinoma",4,"Stage IIA","Negative",0.3928,"Negative",1,1,2,"M0","Negative",4,4,38,"N0","Negative","BRCA",24.77,"1:DECEASED","Basal-like","Negative","Basal",1,"Primary","Female",-13,-12,"Matched","followup",1.233333333,"T2","T_Other"
"27","brca_tcga_pub","TCGA-A2-A0CP-01",60,"Breast Cancer","Invasive Breast Carcinoma",4,"Stage I","Positive",0.087,"Negative",1,4,3,"M0","Negative",1,4,37,"N0","Negative","BRCA",92.42,"0:LIVING","Luminal A","Positive","X",1,"Primary","Female",-5,-7,"Matched","followup",1.333333333,"T1","T1"
"28","brca_tcga_pub","TCGA-A2-A0CQ-01",62,"Breast Cancer","Invasive Breast Carcinoma",2,"Stage I","Positive",0.1198,"Negative",1,3,3,"M0","Negative",4,2,25,"N0","Negative","BRCA",88.51,"0:LIVING","Luminal A","Positive","LumA/B",1,"Primary","Female",-12,-3,"Matched","followup",0.833333333,"T1","T1"
"29","brca_tcga_pub","TCGA-A2-A0CS-01",73,"Breast Cancer","Invasive Breast Carcinoma",2,"No_Conversion","Positive",0.1967,"Negative",3,3,3,"M1","Positive",2,4,33,"N3","Positive","BRCA",75.5,"0:LIVING","Luminal A","Positive","LumA",1,"Primary","Female",-12,-3,"Matched","followup",1.1,"T4","T_Other"
"30","brca_tcga_pub","TCGA-A2-A0CT-01",71,"Breast Cancer","Invasive Breast Carcinoma",5,"Stage IIA","Positive",0.7056,"Negative",4,3,4,"M0","Negative",3,2,55,"N0","Negative","BRCA",75.17,"0:LIVING","Luminal B","Negative","LumA/B",1,"Primary","Female",-10,-3,"Matched","followup",1.833333333,"T2","T_Other"
"31","brca_tcga_pub","TCGA-A2-A0CU-01",73,"Breast Cancer","Invasive Breast Carcinoma",5,"Stage IIA","Positive",0.4388,"Negative",3,3,3,"M0","Negative",2,2,33,"N0","Negative","BRCA",5.16,"1:DECEASED","Luminal A","Positive","LumA/B",1,"Primary","Female",0,-3,"Matched","followup",1.1,"T2","T_Other"
"32","brca_tcga_pub","TCGA-A2-A0CV-01",41,"Breast Cancer","Invasive Breast Carcinoma",2,"No_Conversion","Positive",0.6142,"Negative",3,4,3,"M0","Negative",2,6,25,"N1","Positive","BRCA",63.38,"0:LIVING","Luminal A","Positive","LumA/B",1,"Primary","Female",-5,-7,"Matched","followup",0.833333333,"T2","T_Other"
"33","brca_tcga_pub","TCGA-A2-A0CW-01",67,"Breast Cancer","Invasive Breast Carcinoma",1,"No_Conversion","Positive",0.3083,"Negative",NA,NA,NA,"M0","Negative",1,NA,54,"N1","Positive","BRCA",63.97,"0:LIVING","Luminal B","Positive","LumA/B",1,"Primary","Female",-2,-5,"Matched","followup",1.8,"T2","T_Other"
"34","brca_tcga_pub","TCGA-A2-A0CX-01",52,"Breast Cancer","Invasive Breast Carcinoma",3,"Stage IIA","Positive",0.3591,"Positive",NA,NA,NA,"M0","Negative",4,NA,156,"N0","Negative","BRCA",56.77,"0:LIVING","HER2-enriched","Negative","Her2",1,"Primary","Female",-11,-5,"Matched","followup",5.233333333,"T2","T_Other"
"35","brca_tcga_pub","TCGA-A2-A0CY-01",63,"Breast Cancer","Invasive Breast Carcinoma",1,"No_Conversion","Positive",NA,"Negative",NA,NA,NA,"M0","Negative",5,7,NA,"N1","Positive","BRCA",54.97,"0:LIVING","HER2-enriched","Positive","LumA/B",1,"Primary","Female",0,-3,"Matched","followup",NA,"T2","T_Other"
"36","brca_tcga_pub","TCGA-A2-A0CZ-01",46,"Breast Cancer","Invasive Breast Carcinoma",4,"Stage IIA","Positive",NA,"Negative",3,4,3,"M0","Negative",1,2,10,"N0","Negative","BRCA",53.06,"0:LIVING","Luminal A","Positive","ReacII",1,"Primary","Female",-5,-7,"Matched","followup",0.333333333,"T2","T_Other"
"37","brca_tcga_pub","TCGA-A2-A0D0-01",60,"Breast Cancer","Invasive Breast Carcinoma",1,"Stage IIA","Negative",0.7061,"Negative",2,2,2,"M0","Negative",5,5,58,"N0","Negative","BRCA",21.13,"0:LIVING","Basal-like","Negative","Basal",1,"Primary","Female",-13,-12,"Matched","followup",1.933333333,"T2","T_Other"
"38","brca_tcga_pub","TCGA-A2-A0D1-01",76,"Breast Cancer","Invasive Breast Carcinoma",1,"Stage IIA","Negative",0.2609,"Positive",2,2,1,"M0","Negative",3,1,34,"N0","Negative","BRCA",34.53,"0:LIVING","HER2-enriched","Negative","Basal",1,"Primary","Female",-2,-6,"Matched","followup",1.133333333,"T2","T_Other"
"39","brca_tcga_pub","TCGA-A2-A0D2-01",45,"Breast Cancer","Invasive Breast Carcinoma",3,"Stage IIA","Negative",0.5025,"Negative",2,2,2,"M0","Negative",5,4,69,"N0","Negative","BRCA",33.74,"0:LIVING","Basal-like","Negative","Basal",1,"Primary","Female",-13,-12,"Matched","followup",2.333333333,"T2","T_Other"
"40","brca_tcga_pub","TCGA-A2-A0D3-01",42,"Breast Cancer","Invasive Breast Carcinoma",2,"Stage I","Positive",0.1108,"Negative",3,3,3,"M0","Negative",4,6,22,"N0","Negative","BRCA",28.75,"0:LIVING","Luminal A","Positive","LumA",1,"Primary","Female",-5,-3,"Matched","followup",0.733333333,"T1","T1"
"41","brca_tcga_pub","TCGA-A2-A0D4-01",37,"Breast Cancer","Invasive Breast Carcinoma",5,"No_Conversion","Positive",0.3856,"Negative",4,3,4,"M0","Negative",3,5,21,"N1","Positive","BRCA",25.2,"0:LIVING","Luminal B","Positive","LumA/B",1,"Primary","Female",-10,-3,"Matched","followup",0.7,"T2","T_Other"
"42","brca_tcga_pub","TCGA-A2-A0EM-01",73,"Breast Cancer","Invasive Breast Carcinoma",2,"Stage I","Positive",0.1025,"Negative",NA,NA,NA,"M0","Negative",2,2,25,"N0","Negative","BRCA",101.62,"0:LIVING","Luminal A","Positive",NA,1,"Primary","Female",-12,-3,"Matched","followup",0.833333333,"T1","T1"
"43","brca_tcga_pub","TCGA-A2-A0EN-01",70,"Breast Cancer","Invasive Breast Carcinoma",2,"Stage IIA","Positive",0.2206,"Negative",NA,NA,NA,"M0","Negative",1,2,23,"N0","Negative","BRCA",89.27,"0:LIVING","Luminal A","Positive",NA,1,"Primary","Female",-5,-7,"Matched","followup",0.766666667,"T2","T_Other"
"44","brca_tcga_pub","TCGA-A2-A0EO-01",54,"Breast Cancer","Invasive Breast Carcinoma",2,"Stage I","Positive",0.2512,"Negative",1,4,3,"M0","Negative",4,2,23,"N0","Negative","BRCA",80.2,"0:LIVING","Luminal A","Positive","LumA",1,"Primary","Female",-5,-7,"Matched","followup",0.766666667,"T1","T1"
"45","brca_tcga_pub","TCGA-A2-A0EQ-01",64,"Breast Cancer","Invasive Breast Carcinoma",4,"Stage IIA","Negative",0.2545,"Positive",1,1,4,"M0","Negative",4,5,68,"N0","Negative","BRCA",79.71,"0:LIVING","HER2-enriched","Negative","Basal",1,"Primary","Female",-2,-5,"Matched","followup",2.266666667,"T2","T_Other"
"46","brca_tcga_pub","TCGA-A2-A0ER-01",63,"Breast Cancer","Invasive Breast Carcinoma",5,"No_Conversion","Positive",0.0756,"Negative",NA,NA,NA,"M0","Negative",2,2,19,"N1","Positive","BRCA",74.32,"0:LIVING","Luminal B","Positive","ReacII",1,"Primary","Female",-10,-3,"Matched","followup",0.633333333,"T1","T1"
"47","brca_tcga_pub","TCGA-A2-A0ES-01",52,"Breast Cancer","Invasive Breast Carcinoma",4,"Stage IIA","Positive",0.0056,"Negative",3,4,3,"M0","Negative",1,6,6,"N0","Negative","BRCA",37.03,"0:LIVING","Luminal A","Positive","ReacII",1,"Primary","Female",-5,-7,"Matched","followup",0.2,"T2","T_Other"
"48","brca_tcga_pub","TCGA-A2-A0ET-01",58,"Breast Cancer","Invasive Breast Carcinoma",3,"No_Conversion","Positive",0.5078,"Negative",NA,NA,NA,"M0","Negative",4,1,25,"N2","Positive","BRCA",35.02,"0:LIVING","Luminal A","Positive",NA,1,"Primary","Female",-10,-3,"Matched","followup",0.833333333,"T2","T_Other"
"49","brca_tcga_pub","TCGA-A2-A0EU-01",79,"Breast Cancer","Invasive Breast Carcinoma",4,"Stage I","Positive",0.5175,"Negative",3,3,3,"M0","Negative",2,2,32,"N0","Negative","BRCA",34.27,"0:LIVING","Luminal A","Positive","ReacI",1,"Primary","Female",-10,-3,"Matched","followup",1.066666667,"T1","T1"
"50","brca_tcga_pub","TCGA-A2-A0EV-01",80,"Breast Cancer","Invasive Breast Carcinoma",3,"Stage I","Positive",0.2086,"Negative",3,4,3,"M0","Negative",2,4,48,"N0","Negative","BRCA",31.8,"0:LIVING","Luminal A","Positive","ReacI",1,"Primary","Female",0,-4,"Matched","followup",1.6,"T1","T1"
"51","brca_tcga_pub","TCGA-A2-A0EW-01",53,"Breast Cancer","Invasive Breast Carcinoma",2,"No_Conversion","Positive",0.0724,"Negative",3,4,3,"M0","Negative",2,6,14,"N3","Positive","BRCA",29.7,"0:LIVING","Luminal A","Positive","ReacI",1,"Primary","Female",-5,-7,"Matched","followup",0.466666667,"T1","T1"
"52","brca_tcga_pub","TCGA-A2-A0EX-01",46,"Breast Cancer","Invasive Breast Carcinoma",4,"Stage IIB","Positive",0.1003,"Negative",1,4,3,"M0","Negative",4,4,20,"N0","Negative","BRCA",18.04,"0:LIVING","Luminal A","Positive","ReacI",1,"Primary","Female",-5,-7,"Matched","enrollment",0.666666667,"T3","T_Other"
"53","brca_tcga_pub","TCGA-A2-A0EY-01",62,"Breast Cancer","Invasive Breast Carcinoma",3,"No_Conversion","Positive",0.6388,"Positive",1,1,4,"M0","Negative",4,1,141,"N1","Positive","BRCA",24.15,"0:LIVING","Luminal B","Negative","Her2",1,"Primary","Female",-2,-5,"Matched","followup",4.666666667,"T2","T_Other"
"54","brca_tcga_pub","TCGA-A2-A0ST-01",62,"Breast Cancer","Invasive Breast Carcinoma",1,"No_Conversion","Negative",0.0109,"Negative",2,2,2,"M0","Negative",5,3,10,"N1","Positive","BRCA",53.98,"0:LIVING","Basal-like","Negative","Basal",1,"Primary","Female",-13,-12,"Matched","enrollment",0.3,"T1","T1"
"55","brca_tcga_pub","TCGA-A2-A0SU-01",66,"Breast Cancer","Invasive Breast Carcinoma",2,"Stage IIA","Positive",0.1178,"Negative",3,3,3,"M0","Negative",2,2,23,"N0","Negative","BRCA",54.57,"0:LIVING","Luminal A","Positive","LumA/B",1,"Primary","Female",0,0,"Matched","followup",0.8,"T2","T_Other"
"56","brca_tcga_pub","TCGA-A2-A0SV-01",63,"Breast Cancer","Invasive Breast Carcinoma",5,"No_Conversion","Positive",0.3799,"Negative",3,3,4,"M1","Positive",2,6,29,"N2","Positive","BRCA",27.11,"1:DECEASED","Luminal B","Positive","Basal",1,"Primary","Female",-2,-3,"Matched","followup",0.966666667,"T2","T_Other"
"57","brca_tcga_pub","TCGA-A2-A0SW-01",82,"Breast Cancer","Invasive Breast Carcinoma",4,"No_Conversion","Positive",0.4298,"Negative",1,1,4,"M1","Positive",4,3,47,"N2","Positive","BRCA",44.81,"1:DECEASED","Luminal B","Negative","Basal",1,"Primary","Female",-2,-5,"Matched","followup",1.6,"T2","T_Other"
"58","brca_tcga_pub","TCGA-A2-A0SX-01",48,"Breast Cancer","Invasive Breast Carcinoma",1,"Stage I","Negative",0.3822,"Negative",2,2,2,"M0","Negative",5,4,22,"N0","Negative","BRCA",42.32,"0:LIVING","Basal-like","Negative","Basal",1,"Primary","Female",-13,-12,"Matched","followup",0.766666667,"T1","T1"
"59","brca_tcga_pub","TCGA-A2-A0SY-01",62,"Breast Cancer","Invasive Breast Carcinoma",2,"No_Conversion","Positive",0.1043,"Positive",NA,NA,NA,"M0","Negative",4,6,102,"N1","Positive","BRCA",44.26,"0:LIVING","Luminal A","Positive",NA,1,"Primary","Female",-5,-7,"Matched","followup",3.433333333,"T3","T_Other"
"60","brca_tcga_pub","TCGA-A2-A0T0-01",59,"Breast Cancer","Invasive Breast Carcinoma",1,"No_Conversion","Negative",0.4533,"Negative",2,2,2,"M0","Negative",5,5,160,"N1","Positive","BRCA",17.51,"0:LIVING","Basal-like","Negative","Basal",1,"Primary","Female",-13,0,"Matched","followup",5.4,"T2","T_Other"
"61","brca_tcga_pub","TCGA-A2-A0T1-01",55,"Breast Cancer","Invasive Breast Carcinoma",4,"No_Conversion","Negative",0.1868,"Positive",1,1,1,"M0","Negative",5,4,10,"N3","Positive","BRCA",17.08,"0:LIVING","HER2-enriched","Negative","Her2",1,"Primary","Female",-11,-5,"Matched","followup",0.366666667,"T3","T_Other"
"62","brca_tcga_pub","TCGA-A2-A0T2-01",66,"Breast Cancer","Invasive Breast Carcinoma",3,"No_Conversion","Negative",0.9463,"Negative",2,2,2,"M1","Positive",5,3,23,"N3","Positive","BRCA",7.89,"1:DECEASED","Basal-like","Negative","Basal",1,"Primary","Female",-13,0,"Matched","followup",0.766666667,"T3","T_Other"
"63","brca_tcga_pub","TCGA-A2-A0T3-01",37,"Breast Cancer","Invasive Breast Carcinoma",3,"Stage IIA","Positive",0.5528,"Negative",4,5,4,"M0","Negative",3,7,28,"N1","Positive","BRCA",18.69,"0:LIVING","Luminal B","Positive","ReacII",1,"Primary","Female",0,-3,"Matched","followup",0.966666667,"T1","T1"
"64","brca_tcga_pub","TCGA-A2-A0T4-01",62,"Breast Cancer","Invasive Breast Carcinoma",2,"Stage IIA","Positive",0.2209,"Negative",1,4,3,"M0","Negative",4,4,24,"N0","Negative","BRCA",20.5,"0:LIVING","Luminal B","Positive","ReacI",1,"Primary","Female",-5,-7,"Matched","followup",0.8,"T2","T_Other"
"65","brca_tcga_pub","TCGA-A2-A0T5-01",39,"Breast Cancer","Invasive Breast Carcinoma",2,"Stage IIA","Positive",0.1153,"Negative",NA,NA,NA,"M0","Negative",2,6,NA,"N0","Negative","BRCA",17.45,"0:LIVING","Luminal A","Positive","LumA",1,"Primary","Female",-5,-3,"Matched","followup",NA,"T2","T_Other"
"66","brca_tcga_pub","TCGA-A2-A0T6-01",50,"Breast Cancer","Invasive Breast Carcinoma",2,"Stage IIB","Positive",0.1161,"Negative",1,4,3,"M0","Negative",4,2,46,"N0","Negative","BRCA",18.89,"0:LIVING","Luminal A","Positive","ReacI",1,"Primary","Female",-5,-7,"Matched","followup",1.566666667,"T3","T_Other"
"67","brca_tcga_pub","TCGA-A2-A0T7-01",51,"Breast Cancer","Invasive Breast Carcinoma",2,"Stage IIA","Positive",0.3425,"Negative",3,4,3,"M0","Negative",1,4,16,"N0","Negative","BRCA",20.73,"0:LIVING","Luminal A","Positive","ReacI",1,"Primary","Female",-3,0,"Matched","followup",0.566666667,"T2","T_Other"
"68","brca_tcga_pub","TCGA-A2-A0YC-01",59,"Breast Cancer","Invasive Breast Carcinoma",2,"No_Conversion","Positive",0.111,"Negative",1,3,3,"M0","Negative",4,4,18,"N1","Positive","BRCA",32.49,"0:LIVING","Luminal A","Positive","ReacII",1,"Primary","Female",-12,-3,"Matched","followup",0.633333333,"T2","T_Other"
"69","brca_tcga_pub","TCGA-A2-A0YD-01",63,"Breast Cancer","Invasive Breast Carcinoma",2,"Stage IIB","Positive",0.0935,"Negative",3,3,3,"M0","Negative",1,4,45,"N0","Negative","BRCA",25.27,"0:LIVING","Luminal A","Positive","LumA",1,"Primary","Female",-5,-7,"Matched","followup",1.5,"T3","T_Other"
"70","brca_tcga_pub","TCGA-A2-A0YE-01",48,"Breast Cancer","Invasive Breast Carcinoma",3,"No_Conversion","Negative",0.781,"Negative",NA,NA,NA,"M0","Negative",5,NA,NA,"N1","Positive","BRCA",18.17,"0:LIVING","Basal-like","Negative","X",1,"Primary","Female",-13,-12,"Matched","followup",NA,"T2","T_Other"
"71","brca_tcga_pub","TCGA-A2-A0YF-01",67,"Breast Cancer","Invasive Breast Carcinoma",2,"Stage I","Positive",0.1229,"Negative",3,3,3,"M0","Negative",2,1,28,"N0","Negative","BRCA",15.41,"0:LIVING","Luminal A","Negative","ReacII",1,"Primary","Female",-12,-3,"Matched","followup",0.9,"T1","T1"
"72","brca_tcga_pub","TCGA-A2-A0YG-01",63,"Breast Cancer","Invasive Breast Carcinoma",5,"No_Conversion","Positive",0.3672,"Positive",1,1,4,"M0","Negative",4,4,50,"N3","Positive","BRCA",21.85,"0:LIVING","Luminal B","Positive","Her2",1,"Primary","Female",-2,-5,"Matched","followup",1.666666667,"T2","T_Other"
"73","brca_tcga_pub","TCGA-A2-A0YH-01",53,"Breast Cancer","Invasive Breast Carcinoma",4,"No_Conversion","Positive",0.3154,"Negative",3,3,4,"M0","Negative",2,4,47,"N2","Positive","BRCA",21.62,"0:LIVING","Luminal B","Positive","LumA/B",1,"Primary","Female",-2,-5,"Matched","followup",1.566666667,"T2","T_Other"
"74","brca_tcga_pub","TCGA-A2-A0YI-01",62,"Breast Cancer","Invasive Breast Carcinoma",3,"Stage I","Positive",0.1891,"Negative",1,4,3,"M0","Negative",1,4,10,"N0","Negative","BRCA",14.49,"0:LIVING","Luminal A","Positive","ReacI",1,"Primary","Female",-12,-4,"Matched","followup",0.333333333,"T1","T1"
"75","brca_tcga_pub","TCGA-A2-A0YJ-01",39,"Breast Cancer","Invasive Breast Carcinoma",3,"No_Conversion","Positive",0.5313,"Negative",NA,NA,NA,"M0","Negative",5,NA,66,"N2","Positive","BRCA",18.56,"0:LIVING","Basal-like","Negative","Basal",1,"Primary","Female",-13,-12,"Matched","followup",2.2,"T3","T_Other"
"76","brca_tcga_pub","TCGA-A2-A0YK-01",61,"Breast Cancer","Invasive Breast Carcinoma",5,"Stage IIA","Positive",0.1055,"Negative",3,4,3,"M0","Negative",1,6,147,"N0","Negative","BRCA",19.29,"0:LIVING","Normal-like","Negative","ReacII",1,"Primary","Female",-5,-7,"Matched","followup",4.833333333,"T2","T_Other"
"77","brca_tcga_pub","TCGA-A2-A0YL-01",48,"Breast Cancer","Invasive Breast Carcinoma",2,"No_Conversion","Positive",0.1036,"Negative",3,4,3,"M0","Negative",1,6,14,"N2","Positive","BRCA",14.62,"0:LIVING","Luminal A","Positive","ReacI",1,"Primary","Female",-5,-7,"Matched","followup",0.466666667,"T3","T_Other"
"78","brca_tcga_pub","TCGA-A2-A0YM-01",67,"Breast Cancer","Invasive Breast Carcinoma",3,"Stage IIA","Negative",0.434,"Negative",2,2,2,"M0","Negative",5,5,57,"N0","Negative","BRCA",31.67,"0:LIVING","Basal-like","Negative","Basal",1,"Primary","Female",-13,-12,"Matched","followup",1.866666667,"T2","T_Other"
"79","brca_tcga_pub","TCGA-A2-A0YT-01",56,"Breast Cancer","Invasive Breast Carcinoma",NA,"No_Conversion","Positive",0.5755,"Negative",NA,NA,NA,"M0","Negative",NA,NA,NA,"N2","Positive","BRCA",23.75,"1:DECEASED",NA,"Negative",NA,1,"Primary","Female",NA,NA,"Matched","followup",NA,"T4","T_Other"
"80","brca_tcga_pub","TCGA-A2-A1FV-01",74,"Breast Cancer","Invasive Breast Carcinoma",4,"Stage IIB","Positive",0.3999,"Negative",NA,NA,NA,"M0","Negative",3,6,NA,"N0","Negative","BRCA",15.11,"0:LIVING",NA,"Positive",NA,1,"Primary","Female",NA,NA,"Matched","enrollment",NA,"T3","T_Other"
"81","brca_tcga_pub","TCGA-A2-A1FW-01",62,"Breast Cancer","Invasive Breast Carcinoma",3,"Stage IIIA","Positive",0.6055,"Negative",NA,NA,NA,"M0","Negative",4,6,NA,"N2","Positive","BRCA",7.26,"0:LIVING",NA,"Negative",NA,1,"Primary","Female",NA,NA,"Matched","enrollment",NA,"T3","T_Other"
"82","brca_tcga_pub","TCGA-A2-A1FX-01",61,"Breast Cancer","Invasive Breast Carcinoma",4,"Stage IIIA","Positive",0.4239,"Negative",NA,NA,NA,"M0","Negative",4,4,NA,"N2","Positive","BRCA",30.72,"0:LIVING",NA,"Positive",NA,1,"Primary","Female",NA,NA,"Matched","enrollment",NA,"T3","T_Other"
"83","brca_tcga_pub","TCGA-A2-A1FZ-01",63,"Breast Cancer","Invasive Breast Carcinoma",3,"Stage IIA","Positive",0.1009,"Negative",NA,NA,NA,"M0","Negative",4,6,NA,"N0","Negative","BRCA",13.44,"0:LIVING",NA,"Positive",NA,1,"Primary","Female",NA,NA,"Matched","enrollment",NA,"T2","T_Other"
"84","brca_tcga_pub","TCGA-A2-A1G0-01",49,"Breast Cancer","Invasive Breast Carcinoma",3,"Stage IIB","Positive",0.1485,"Negative",NA,NA,NA,"M0","Negative",2,6,NA,"N1","Positive","BRCA",12.48,"0:LIVING",NA,"Positive",NA,1,"Primary","Female",NA,NA,"Matched","enrollment",NA,"T2","T_Other"
"85","brca_tcga_pub","TCGA-A2-A1G1-01",85,"Breast Cancer","Invasive Breast Carcinoma",4,"Stage IIB","Negative",0.1756,"Positive",NA,NA,NA,"M0","Negative",5,6,NA,"N1","Positive","BRCA",12.19,"0:LIVING",NA,"Negative",NA,1,"Primary","Female",NA,NA,"Matched","enrollment",NA,"T2","T_Other"
"86","brca_tcga_pub","TCGA-A2-A1G4-01",71,"Breast Cancer","Invasive Breast Carcinoma",4,"Stage IIIA","Positive",0.1531,"Negative",NA,NA,NA,"M0","Negative",4,5,NA,"N1","Positive","BRCA",12.22,"0:LIVING",NA,"Positive",NA,1,"Primary","Female",NA,NA,"Matched","enrollment",NA,"T3","T_Other"
"87","brca_tcga_pub","TCGA-A2-A1G6-01",50,"Breast Cancer","Invasive Breast Carcinoma",1,"Stage IIIA","Negative",1e-04,"Negative",NA,NA,NA,"M0","Negative",5,6,NA,"N2","Positive","BRCA",4.34,"0:LIVING",NA,"Negative",NA,1,"Primary","Female",NA,NA,"Matched","enrollment",NA,"T2","T_Other"
"88","brca_tcga_pub","TCGA-A2-A259-01",70,"Breast Cancer","Invasive Breast Carcinoma",4,"Stage I","Positive",0.1071,"Negative",NA,NA,NA,"M0","Negative",1,NA,NA,"N0","Negative","BRCA",42.22,"0:LIVING",NA,"Positive",NA,1,"Primary","Female",NA,NA,"Matched","enrollment",NA,"T1","T1"
"89","brca_tcga_pub","TCGA-A2-A25A-01",44,"Breast Cancer","Invasive Breast Carcinoma",2,"Stage IIA","Positive",0.1189,"Negative",NA,NA,NA,"M0","Negative",4,NA,NA,"N0","Negative","BRCA",97.51,"0:LIVING",NA,"Positive",NA,1,"Primary","Female",NA,NA,"Matched","enrollment",NA,"T2","T_Other"
"90","brca_tcga_pub","TCGA-A2-A25B-01",39,"Breast Cancer","Invasive Breast Carcinoma",5,"Stage IIB","Positive",0.4302,"Negative",NA,NA,NA,"M0","Negative",4,5,NA,"N1","Positive","BRCA",8.48,"0:LIVING",NA,"Positive",NA,1,"Primary","Female",NA,NA,"Matched","enrollment",NA,"T2","T_Other"
"91","brca_tcga_pub","TCGA-A2-A25C-01",50,"Breast Cancer","Invasive Breast Carcinoma",3,"Stage IIB","Positive",0.3264,"Negative",NA,NA,NA,"M0","Negative",4,5,NA,"N1","Positive","BRCA",9.36,"0:LIVING",NA,"Positive",NA,1,"Primary","Female",NA,NA,"Matched","enrollment",NA,"T2","T_Other"
"92","brca_tcga_pub","TCGA-A2-A25D-01",90,"Breast Cancer","Invasive Breast Carcinoma",4,"Stage IIIC","Positive",0.2363,"Negative",NA,NA,NA,"M0","Negative",4,NA,NA,"N3","Positive","BRCA",7.98,"0:LIVING",NA,"Negative",NA,1,"Primary","Female",NA,NA,"Matched","enrollment",NA,"T2","T_Other"
"93","brca_tcga_pub","TCGA-A2-A25E-01",34,"Breast Cancer","Invasive Breast Carcinoma",5,"Stage IIIA","Positive",0.3373,"Equivocal",NA,NA,NA,"M0","Negative",4,5,NA,"N2","Positive","BRCA",82.5,"0:LIVING",NA,"Positive",NA,1,"Primary","Female",NA,NA,"Matched","enrollment",NA,"T2","T_Other"
"94","brca_tcga_pub","TCGA-A2-A25F-01",66,"Breast Cancer","Invasive Breast Carcinoma",1,"Stage IIA","Negative",0.0021,"Negative",NA,NA,NA,"M0","Negative",1,NA,NA,"N0","Negative","BRCA",3.71,"0:LIVING",NA,"Positive",NA,1,"Primary","Female",NA,NA,"Matched","enrollment",NA,"T2","T_Other"
"95","brca_tcga_pub","TCGA-A7-A0CD-01",66,"Breast Cancer","Invasive Breast Carcinoma",3,"Stage I","Positive",0.5843,"Negative",4,3,3,"M0","Negative",3,2,20,"N0","Negative","BRCA",12.22,"0:LIVING","Luminal A","Positive","LumA",1,"Primary","Female",-10,-3,"Matched","followup",0.666666667,"T1","T1"
"96","brca_tcga_pub","TCGA-A7-A0CE-01",57,"Breast Cancer","Invasive Breast Carcinoma",1,"Stage IIA","Negative",0.4998,"Negative",2,2,2,"M0","Negative",5,5,77,"N0","Negative","BRCA",10.15,"0:LIVING","Basal-like","Negative","Basal",1,"Primary","Female",-13,0,"Matched","followup",2.833333333,"T2","T_Other"
"97","brca_tcga_pub","TCGA-A7-A0CG-01",78,"Breast Cancer","Invasive Breast Carcinoma",2,"Stage IIA","Positive",0.1221,"Negative",3,4,3,"M0","Negative",1,7,23,"N0","Negative","BRCA",7.56,"0:LIVING","Luminal A","Negative","ReacI",1,"Primary","Female",-5,-7,"Matched","followup",0.766666667,"T2","T_Other"
"98","brca_tcga_pub","TCGA-A7-A0CH-01",79,"Breast Cancer","Invasive Breast Carcinoma",2,"Stage IIA","Performed but Not Available",0.0627,"Negative",3,3,3,"M0","Negative",2,2,21,"N0","Negative","BRCA",7.62,"0:LIVING","Luminal A","Performed but Not Available","LumA",1,"Primary","Female",-12,-3,"Matched","followup",0.833333333,"T2","T_Other"
"99","brca_tcga_pub","TCGA-A7-A0CJ-01",57,"Breast Cancer","Invasive Breast Carcinoma",1,"Stage IIA","Positive",0.5648,"Negative",4,3,4,"M0","Negative",3,2,37,"N0","Negative","BRCA",13.44,"0:LIVING","Luminal B","Positive","LumA/B",1,"Primary","Female",-6,-3,"Matched","followup",1.266666667,"T2","T_Other"
"100","brca_tcga_pub","TCGA-A7-A0D9-01",37,"Breast Cancer","Invasive Breast Carcinoma",4,"Stage IIA","Positive",0.1867,"Negative",3,3,3,"M0","Negative",2,5,17,"N0","Negative","BRCA",8.94,"0:LIVING","Luminal A","Negative","ReacII",1,"Primary","Female",-3,-3,"Matched","followup",0.7,"T2","T_Other"
"101","brca_tcga_pub","TCGA-A7-A0DA-01",62,"Breast Cancer","Invasive Breast Carcinoma",1,"Stage IIA","Negative",0.7563,"Negative",2,2,2,"M0","Negative",5,4,123,"N0","Negative","BRCA",12.25,"0:LIVING","Basal-like","Negative","X",1,"Primary","Female",-13,0,"Matched","followup",4.1,"T2","T_Other"
"102","brca_tcga_pub","TCGA-A7-A0DB-01",56,"Breast Cancer","Invasive Breast Carcinoma",2,"Stage IIA","Positive",0.3296,"Negative",3,3,3,"M0","Negative",1,4,21,"N0","Negative","BRCA",8.74,"0:LIVING","Luminal A","Positive","LumA",1,"Primary","Female",-5,-7,"Matched","followup",0.8,"T2","T_Other"
"103","brca_tcga_pub","TCGA-A7-A0DC-01",63,"Breast Cancer","Invasive Breast Carcinoma",NA,"Stage I","Positive",NA,"Negative",NA,NA,NA,"M0","Negative",NA,NA,NA,"N0","Negative","BRCA",12.68,"0:LIVING",NA,"Negative",NA,1,"Primary","Female",NA,NA,"Matched","followup",NA,"T1","T1"
"104","brca_tcga_pub","TCGA-A7-A13D-01",46,"Breast Cancer","Invasive Breast Carcinoma",3,"Stage IIA","Negative",0.7824,"Negative",2,2,2,"M0","Negative",5,5,82,"N0","Negative","BRCA",8.77,"0:LIVING","Basal-like","Positive","ReacII",1,"Primary","Female",-13,0,"Matched","followup",2.766666667,"T2","T_Other"
"105","brca_tcga_pub","TCGA-A7-A13E-01",62,"Breast Cancer","Invasive Breast Carcinoma",1,"No_Conversion","Positive",0.6513,"Negative",NA,NA,NA,"M0","Negative",4,5,NA,"N1","Positive","BRCA",10.71,"0:LIVING","Basal-like","Negative","Basal",1,"Primary","Female",-13,-12,"Matched","followup",NA,"T2","T_Other"
"106","brca_tcga_pub","TCGA-A7-A13F-01",44,"Breast Cancer","Invasive Breast Carcinoma",3,"No_Conversion","Positive",0.2607,"Negative",1,3,4,"M0","Negative",4,4,32,"N1","Positive","BRCA",12.71,"0:LIVING","Luminal B","Positive","LumA/B",1,"Primary","Female",0,-3,"Matched","followup",1.166666667,"T3","T_Other"
"107","brca_tcga_pub","TCGA-A7-A13G-01",79,"Breast Cancer","Invasive Breast Carcinoma",2,"Stage IIA","Positive",0.115,"Negative",NA,NA,NA,"M0","Negative",2,3,NA,"N0","Negative","BRCA",11.43,"0:LIVING",NA,"Positive",NA,1,"Primary","Female",NA,NA,"Matched","followup",NA,"T2","T_Other"
"108","brca_tcga_pub","TCGA-A7-A26E-01",71,"Breast Cancer","Invasive Breast Carcinoma",2,"Stage IIIA","Positive",0.1074,"Negative",NA,NA,NA,"M0","Negative",4,7,NA,"N1","Positive","BRCA",13.83,"0:LIVING",NA,"Positive",NA,1,"Primary","Female",NA,NA,"Matched","followup",NA,"T3","T_Other"
"109","brca_tcga_pub","TCGA-A7-A26F-01",55,"Breast Cancer","Invasive Breast Carcinoma",3,"Stage I","Negative",0.3177,"Negative",NA,NA,NA,"M0","Negative",4,5,NA,"N0","Negative","BRCA",8.44,"0:LIVING",NA,"Negative",NA,1,"Primary","Female",NA,NA,"Matched","enrollment",NA,"T1","T1"
"110","brca_tcga_pub","TCGA-A7-A26G-01",50,"Breast Cancer","Invasive Breast Carcinoma",3,"Stage IIA","Negative",0.249,"Negative",NA,NA,NA,"M0","Negative",5,4,NA,"N0","Negative","BRCA",6.87,"0:LIVING",NA,"Negative",NA,1,"Primary","Female",NA,NA,"Matched","enrollment",NA,"T2","T_Other"
"111","brca_tcga_pub","TCGA-A7-A26H-01",72,"Breast Cancer","Invasive Breast Carcinoma",3,"Stage IIA","Positive",0.2219,"Positive",NA,NA,NA,"M0","Negative",4,NA,NA,"N1","Positive","BRCA",2.1,"0:LIVING",NA,"Negative",NA,1,"Primary","Female",NA,NA,"Matched","enrollment",NA,"T1","T1"
"112","brca_tcga_pub","TCGA-A7-A26I-01",65,"Breast Cancer","Invasive Breast Carcinoma",1,"Stage IIA","Negative",0.6589,"Negative",NA,NA,NA,"M0","Negative",5,NA,NA,"N0","Negative","BRCA",4.01,"0:LIVING",NA,"Negative",NA,1,"Primary","Female",NA,NA,"Matched","enrollment",NA,"T2","T_Other"
"113","brca_tcga_pub","TCGA-A7-A26J-01",49,"Breast Cancer","Invasive Breast Carcinoma",3,"Stage IIA","Positive",0.3921,"Negative",NA,NA,NA,"M0","Negative",4,6,NA,"N0","Negative","BRCA",2.2,"0:LIVING",NA,"Positive",NA,1,"Primary","Female",NA,NA,"Matched","enrollment",NA,"T2","T_Other"
"114","brca_tcga_pub","TCGA-A8-A06N-01",66,"Breast Cancer","Invasive Breast Carcinoma",3,"Stage IIIB","Positive",0.5584,"Negative",1,3,4,"M0","Negative",4,2,28,"N0","Negative","BRCA",0,"0:LIVING","Luminal B","Negative","LumA/B",1,"Primary","Female",-10,-3,"Matched","enrollment",0.933333333,"T4","T_Other"
"115","brca_tcga_pub","TCGA-A8-A06O-01",60,"Breast Cancer","Invasive Breast Carcinoma",5,"Stage I","Positive",0.3914,"Negative",NA,NA,NA,"M0","Negative",4,4,53,"N0","Negative","BRCA",13.01,"0:LIVING","Luminal B","Positive",NA,1,"Primary","Female",-2,-3,"Matched","enrollment",1.766666667,"T1","T1"
"116","brca_tcga_pub","TCGA-A8-A06P-01",63,"Breast Cancer","Invasive Breast Carcinoma",4,"Stage IIIA","Positive",0.0945,"Negative",3,3,3,"M0","Negative",2,4,22,"N2","Positive","BRCA",13.01,"0:LIVING","Luminal A","Positive","ReacI",1,"Primary","Female",-5,-3,"Matched","enrollment",0.733333333,"T1","T1"
"117","brca_tcga_pub","TCGA-A8-A06Q-01",63,"Breast Cancer","Invasive Breast Carcinoma",3,"No_Conversion","Positive",0.6549,"Negative",NA,NA,NA,"M0","Negative",4,7,168,"N2","Positive","BRCA",1.02,"0:LIVING","Luminal B","Positive",NA,1,"Primary","Female",-2,-3,"Matched","enrollment",5.566666667,"T3","T_Other"
"118","brca_tcga_pub","TCGA-A8-A06R-01",69,"Breast Cancer","Invasive Breast Carcinoma",NA,"No_Conversion","Positive",0.5927,"Equivocal",NA,NA,NA,"M0","Negative",4,4,55,"N1","Positive","BRCA",17.94,"0:LIVING","Luminal B","Negative","ReacI",1,"Primary","Female",-2,-5,"Matched","enrollment",1.833333333,"T2","T_Other"
"119","brca_tcga_pub","TCGA-A8-A06T-01",75,"Breast Cancer","Invasive Breast Carcinoma",4,"Stage IIIA","Positive",0.7708,"Negative",NA,NA,NA,"M0","Negative",4,2,26,"N1","Positive","BRCA",41.04,"0:LIVING","Luminal A","Positive",NA,1,"Primary","Female",-10,-3,"Matched","enrollment",0.866666667,"T3","T_Other"
"120","brca_tcga_pub","TCGA-A8-A06U-01",80,"Breast Cancer","Invasive Breast Carcinoma",NA,"Stage IIB","Positive",0.6192,"Equivocal",NA,NA,NA,"M0","Negative",4,4,45,"N1","Positive","BRCA",28.98,"1:DECEASED","Luminal A","Positive","LumA/B",1,"Primary","Female",-2,-5,"Matched","enrollment",1.466666667,"T2","T_Other"
"121","brca_tcga_pub","TCGA-A8-A06X-01",77,"Breast Cancer","Invasive Breast Carcinoma",1,"Stage IIB","Positive",0.6033,"Positive",NA,NA,NA,"M0","Negative",3,NA,139,"N0","Negative","BRCA",30.98,"1:DECEASED","Luminal B","Negative","LumA/B",1,"Primary","Female",-2,-5,"Matched","enrollment",4.666666667,"T3","T_Other"
"122","brca_tcga_pub","TCGA-A8-A06Y-01",66,"Breast Cancer","Invasive Breast Carcinoma",4,"Stage IIA","Positive",0.3042,"Negative",1,3,3,"M0","Negative",4,2,22,"N0","Negative","BRCA",25.99,"0:LIVING","Luminal A","Positive","LumA",1,"Primary","Female",0,-3,"Matched","enrollment",0.733333333,"T2","T_Other"
"123","brca_tcga_pub","TCGA-A8-A06Z-01",84,"Breast Cancer","Invasive Breast Carcinoma",5,"Stage IIB","Positive",0.7074,"Negative",1,3,4,"M0","Negative",5,1,44,"N0","Negative","BRCA",1.02,"0:LIVING","Luminal B","Positive","Her2",1,"Primary","Female",-10,-3,"Matched","enrollment",1.466666667,"T3","T_Other"
"124","brca_tcga_pub","TCGA-A8-A075-01",42,"Breast Cancer","Invasive Breast Carcinoma",2,"Stage IIB","Positive",0.5033,"Negative",5,2,1,"M0","Negative",5,1,52,"N1","Positive","BRCA",16.99,"0:LIVING","HER2-enriched","Positive","X",1,"Primary","Female",-2,-5,"Matched","enrollment",1.8,"T2","T_Other"
"125","brca_tcga_pub","TCGA-A8-A076-01",66,"Breast Cancer","Invasive Breast Carcinoma",4,"Stage IIA","Positive",0.5527,"Positive",1,1,1,"M0","Negative",3,4,47,"N0","Negative","BRCA",53.91,"0:LIVING","HER2-enriched","Positive","Her2",1,"Primary","Female",-2,-5,"Matched","enrollment",1.533333333,"T2","T_Other"
"126","brca_tcga_pub","TCGA-A8-A079-01",69,"Breast Cancer","Invasive Breast Carcinoma",5,"Stage IIIC","Positive",0.3639,"Negative",4,3,4,"M0","Negative",3,5,30,"N3","Positive","BRCA",9,"0:LIVING","Luminal B","Positive","LumA/B",1,"Primary","Female",-6,-3,"Matched","enrollment",1,"T4","T_Other"
"127","brca_tcga_pub","TCGA-A8-A07B-01",69,"Breast Cancer","Invasive Breast Carcinoma",5,"Stage IIA","Positive",0.3844,"Positive",NA,NA,NA,"M0","Negative",3,2,44,"N0","Negative","BRCA",32.99,"0:LIVING","HER2-enriched","Positive",NA,1,"Primary","Female",-1,-3,"Matched","enrollment",1.466666667,"T2","T_Other"
"128","brca_tcga_pub","TCGA-A8-A07C-01",57,"Breast Cancer","Invasive Breast Carcinoma",2,"Stage IIA","Negative",NA,"Negative",NA,NA,NA,"M0","Negative",5,5,118,"N0","Negative","BRCA",19.06,"0:LIVING","Basal-like","Negative",NA,1,"Primary","Female",-13,-12,"Matched","enrollment",3.933333333,"T2","T_Other"
"129","brca_tcga_pub","TCGA-A8-A07E-01",81,"Breast Cancer","Invasive Breast Carcinoma",2,"Stage IIIC","Positive",0.2136,"Negative",1,3,3,"M0","Negative",4,1,60,"N3","Positive","BRCA",19.98,"0:LIVING","Luminal A","Positive","ReacII",1,"Primary","Female",-4,-3,"Matched","enrollment",2,"T4","T_Other"
"130","brca_tcga_pub","TCGA-A8-A07F-01",65,"Breast Cancer","Invasive Breast Carcinoma",2,"Stage IIB","Positive",0.6103,"Negative",1,4,3,"M0","Negative",4,4,24,"N1","Positive","BRCA",18.92,"0:LIVING","Luminal A","Positive","ReacI",1,"Primary","Female",-1,-1,"Matched","enrollment",0.8,"T2","T_Other"
"131","brca_tcga_pub","TCGA-A8-A07G-01",65,"Breast Cancer","Invasive Breast Carcinoma",3,"Stage IIA","Positive",0.2875,"Negative",NA,NA,NA,"M0","Negative",1,4,39,"N1","Positive","BRCA",18.92,"0:LIVING","Luminal A","Positive",NA,1,"Primary","Female",-5,-7,"Matched","enrollment",1.3,"T1","T1"
"132","brca_tcga_pub","TCGA-A8-A07I-01",69,"Breast Cancer","Invasive Breast Carcinoma",3,"Stage IIIA","Positive",0.2446,"Positive",1,1,1,"M0","Negative",3,4,35,"N2","Positive","BRCA",14,"0:LIVING","HER2-enriched","Negative","Her2",1,"Primary","Female",-2,-5,"Matched","enrollment",1.166666667,"T2","T_Other"
"133","brca_tcga_pub","TCGA-A8-A07J-01",35,"Breast Cancer","Invasive Breast Carcinoma",2,"Stage IIB","Positive",0.1612,"Negative",NA,NA,NA,"M0","Negative",1,4,19,"N1","Positive","BRCA",11.99,"0:LIVING","Luminal A","Positive",NA,1,"Primary","Female",-5,-7,"Matched","enrollment",0.633333333,"T2","T_Other"
"134","brca_tcga_pub","TCGA-A8-A07L-01",58,"Breast Cancer","Invasive Breast Carcinoma",4,"Stage IIIA","Positive",0.4588,"Negative",NA,NA,NA,"M0","Negative",4,5,77,"N1","Positive","BRCA",16.99,"0:LIVING","Luminal B","Positive",NA,1,"Primary","Female",-10,-3,"Matched","enrollment",2.5,"T3","T_Other"
"135","brca_tcga_pub","TCGA-A8-A07O-01",51,"Breast Cancer","Invasive Breast Carcinoma",1,"Stage IIA","Negative",0.3136,"Negative",2,2,2,"M0","Negative",5,4,35,"N0","Negative","BRCA",9.99,"0:LIVING","Basal-like","Negative","Basal",1,"Primary","Female",-13,-12,"Matched","enrollment",1.166666667,"T2","T_Other"
"136","brca_tcga_pub","TCGA-A8-A07P-01",68,"Breast Cancer","Invasive Breast Carcinoma",4,"Stage IIB","Positive",0.283,"Positive",4,3,3,"M0","Negative",3,2,41,"N1","Positive","BRCA",10.97,"0:LIVING","Luminal A","Positive","LumA/B",1,"Primary","Female",-10,-3,"Matched","enrollment",1.366666667,"T2","T_Other"
"137","brca_tcga_pub","TCGA-A8-A07R-01",80,"Breast Cancer","Invasive Breast Carcinoma",3,"Stage IIIC","Negative",0.7041,"Equivocal",2,2,2,"M0","Negative",5,4,172,"N3","Positive","BRCA",8.97,"0:LIVING","Basal-like","Negative","Basal",1,"Primary","Female",-13,-12,"Matched","enrollment",5.766666667,"T2","T_Other"
"138","brca_tcga_pub","TCGA-A8-A07S-01",73,"Breast Cancer","Invasive Breast Carcinoma",2,"Stage IIA","Positive",0.1065,"Negative",NA,NA,NA,"M0","Negative",2,7,NA,"N0","Negative","BRCA",7.95,"0:LIVING","Luminal B","Negative","LumA",1,"Primary","Female",-12,-3,"Matched","enrollment",NA,"T2","T_Other"
"139","brca_tcga_pub","TCGA-A8-A07U-01",66,"Breast Cancer","Invasive Breast Carcinoma",3,"Stage IIIA","Negative",0.0901,"Negative",NA,NA,NA,"M0","Negative",5,4,18,"N2","Positive","BRCA",9.96,"0:LIVING","Basal-like","Positive",NA,1,"Primary","Female",-13,-12,"Matched","enrollment",0.6,"T2","T_Other"
"140","brca_tcga_pub","TCGA-A8-A07W-01",76,"Breast Cancer","Invasive Breast Carcinoma",3,"Stage IV","Positive",0.4787,"Negative",1,1,4,"M1","Positive",4,4,70,"N0","Negative","BRCA",9.99,"0:LIVING","Luminal B","Positive","LumA/B",1,"Primary","Female",-2,-5,"Matched","enrollment",2.333333333,"T2","T_Other"
"141","brca_tcga_pub","TCGA-A8-A07Z-01",85,"Breast Cancer","Invasive Breast Carcinoma",3,"Stage IIA","Positive",0.8203,"Negative",3,3,4,"M0","Negative",2,2,18,"N0","Negative","BRCA",28.03,"0:LIVING","Luminal B","Positive","LumA",1,"Primary","Female",-12,-3,"Matched","enrollment",0.6,"T2","T_Other"
"142","brca_tcga_pub","TCGA-A8-A081-01",80,"Breast Cancer","Invasive Breast Carcinoma",5,"Stage IIA","Positive",0.645,"Negative",1,1,1,"M0","Negative",4,3,72,"N0","Negative","BRCA",0,"0:LIVING","HER2-enriched","Positive","Her2",1,"Primary","Female",-2,-5,"Matched","enrollment",2.4,"T2","T_Other"
"143","brca_tcga_pub","TCGA-A8-A082-01",58,"Breast Cancer","Invasive Breast Carcinoma",4,"Stage IIB","Positive",0.1231,"Negative",1,3,4,"M0","Negative",4,5,21,"N1","Positive","BRCA",18.04,"0:LIVING","Luminal B","Positive","LumA",1,"Primary","Female",-9,-3,"Matched","enrollment",0.7,"T2","T_Other"
"144","brca_tcga_pub","TCGA-A8-A083-01",67,"Breast Cancer","Invasive Breast Carcinoma",2,"Stage IIB","Positive",0.1819,"Negative",3,3,3,"M0","Negative",2,2,28,"N0","Negative","BRCA",0,"0:LIVING","Luminal A","Positive","LumA",1,"Primary","Female",-12,-3,"Matched","enrollment",0.9,"T3","T_Other"
"145","brca_tcga_pub","TCGA-A8-A084-01",81,"Breast Cancer","Invasive Breast Carcinoma",1,"No_Conversion","Positive",0.4237,"Negative",2,2,2,"M0","Negative",3,3,55,"N1","Positive","BRCA",15.05,"0:LIVING","Luminal B","Negative","X",1,"Primary","Female",-1,-5,"Matched","enrollment",1.833333333,"T2","T_Other"
"146","brca_tcga_pub","TCGA-A8-A085-01",44,"Breast Cancer","Invasive Breast Carcinoma",5,"Stage IIB","Positive",0.2398,"Negative",1,3,4,"M0","Negative",4,2,55,"N1","Positive","BRCA",36.93,"0:LIVING","Luminal B","Positive","LumA/B",1,"Primary","Male",-10,-3,"Matched","enrollment",1.8,"T2","T_Other"
"147","brca_tcga_pub","TCGA-A8-A086-01",59,"Breast Cancer","Invasive Breast Carcinoma",5,"Stage IIA","Positive",0.2758,"Negative",2,3,3,"M0","Negative",2,5,14,"N1","Positive","BRCA",13.01,"0:LIVING","Luminal A","Positive","LumA",1,"Primary","Female",-9,-3,"Matched","enrollment",0.466666667,"T1","T1"
"148","brca_tcga_pub","TCGA-A8-A08A-01",89,"Breast Cancer","Invasive Breast Carcinoma",2,"Stage I","Positive",0.0864,"Negative",3,3,3,"M0","Negative",2,2,21,"N0","Negative","BRCA",0.99,"0:LIVING","Luminal A","Positive","LumA",1,"Primary","Female",-12,-3,"Matched","enrollment",0.733333333,"T1","T1"
"149","brca_tcga_pub","TCGA-A8-A08B-01",52,"Breast Cancer","Invasive Breast Carcinoma",3,"Stage IIA","Positive",0.3997,"Positive",NA,NA,NA,"M0","Negative",1,7,21,"N0","Negative","BRCA",23.06,"0:LIVING","HER2-enriched","Negative",NA,1,"Primary","Female",-1,-5,"Matched","enrollment",0.7,"T2","T_Other"
"150","brca_tcga_pub","TCGA-A8-A08C-01",65,"Breast Cancer","Invasive Breast Carcinoma",2,"Stage IIA","Positive",0.6502,"Negative",NA,NA,NA,"M0","Negative",2,NA,3,"N0","Negative","BRCA",19.94,"0:LIVING","Luminal A","Positive",NA,1,"Primary","Female",-12,-3,"Matched","enrollment",0.1,"T2","T_Other"
"151","brca_tcga_pub","TCGA-A8-A08F-01",59,"Breast Cancer","Invasive Breast Carcinoma",4,"Stage IIIC","Positive",0.6614,"Negative",NA,NA,NA,"M0","Negative",2,NA,93,"N3","Positive","BRCA",18.04,"0:LIVING","Luminal B","Positive",NA,1,"Primary","Female",-2,-3,"Matched","enrollment",3.1,"T2","T_Other"
"152","brca_tcga_pub","TCGA-A8-A08G-01",41,"Breast Cancer","Invasive Breast Carcinoma",3,"Stage IIA","Positive",0.5338,"Positive",3,3,4,"M0","Negative",2,4,28,"N0","Negative","BRCA",19.91,"0:LIVING","Luminal B","Positive","LumA/B",1,"Primary","Female",-10,-3,"Matched","enrollment",0.933333333,"T2","T_Other"
"153","brca_tcga_pub","TCGA-A8-A08H-01",66,"Breast Cancer","Invasive Breast Carcinoma",1,"Stage IIA","Positive",0,"Positive",1,4,3,"M0","Negative",1,4,26,"N0","Negative","BRCA",0,"0:LIVING","Basal-like","Positive","ReacI",1,"Primary","Female",-5,-8,"Matched","enrollment",0.866666667,"T2","T_Other"
"154","brca_tcga_pub","TCGA-A8-A08I-01",53,"Breast Cancer","Invasive Breast Carcinoma",4,"Stage IIA","Positive",0.6372,"Negative",NA,NA,NA,"M0","Negative",2,3,33,"N0","Negative","BRCA",11.99,"0:LIVING","Luminal B","Positive",NA,1,"Primary","Female",-2,-5,"Matched","enrollment",1.1,"T2","T_Other"
"155","brca_tcga_pub","TCGA-A8-A08J-01",52,"Breast Cancer","Invasive Breast Carcinoma",5,"Stage IV","Positive",0.4491,"Negative",1,1,1,"M1","Positive",4,4,24,"N3","Positive","BRCA",37.03,"1:DECEASED","HER2-enriched","Negative","Her2",1,"Primary","Female",-2,-5,"Matched","enrollment",0.8,"T4","T_Other"
"156","brca_tcga_pub","TCGA-A8-A08L-01",89,"Breast Cancer","Invasive Breast Carcinoma",1,"Stage IIIA","Positive",0.5383,"Negative",5,2,1,"M0","Negative",4,1,164,"N2","Positive","BRCA",9.99,"1:DECEASED","HER2-enriched","Negative","X",1,"Primary","Female",-2,-6,"Matched","enrollment",5.5,"T3","T_Other"
"157","brca_tcga_pub","TCGA-A8-A08O-01",45,"Breast Cancer","Invasive Breast Carcinoma",2,"Stage IV","Positive",0.6432,"Negative",3,4,3,"M1","Positive",2,6,29,"N3","Positive","BRCA",30.95,"0:LIVING","Luminal A","Positive","ReacI",1,"Primary","Female",-5,-7,"Matched","enrollment",0.966666667,"T2","T_Other"
"158","brca_tcga_pub","TCGA-A8-A08P-01",70,"Breast Cancer","Invasive Breast Carcinoma",3,"Stage IIIA","Positive",0.5434,"Positive",NA,NA,NA,"M0","Negative",4,NA,35,"N2","Positive","BRCA",30.95,"0:LIVING","Luminal B","Positive","ReacII",1,"Primary","Female",-2,-5,"Matched","enrollment",1.166666667,"T2","T_Other"
"159","brca_tcga_pub","TCGA-A8-A08R-01",52,"Breast Cancer","Invasive Breast Carcinoma",4,"Stage IIB","Negative",0.5152,"Negative",NA,NA,NA,"M0","Negative",5,4,129,"N1","Positive","BRCA",0.99,"0:LIVING","Basal-like","Negative",NA,1,"Primary","Female",-13,-12,"Matched","enrollment",4.3,"T2","T_Other"
"160","brca_tcga_pub","TCGA-A8-A08S-01",71,"Breast Cancer","Invasive Breast Carcinoma",NA,"Stage IIA","Positive",0.4019,"Positive",NA,NA,NA,"M0","Negative",NA,NA,NA,"N1","Positive","BRCA",19.06,"0:LIVING",NA,"Positive",NA,1,"Primary","Female",NA,NA,"Matched","enrollment",NA,"T1","T1"
"161","brca_tcga_pub","TCGA-A8-A08T-01",64,"Breast Cancer","Invasive Breast Carcinoma",4,"Stage IV","Positive",0.2105,"Negative",1,3,3,"M1","Positive",4,2,36,"N1","Positive","BRCA",92.98,"0:LIVING","Luminal A","Positive","LumA",1,"Primary","Female",-5,-3,"Matched","enrollment",1.2,"T2","T_Other"
"162","brca_tcga_pub","TCGA-A8-A08X-01",43,"Breast Cancer","Invasive Breast Carcinoma",3,"Stage IIIC","Negative",0.3454,"Positive",2,2,1,"M0","Negative",1,3,16,"N3","Positive","BRCA",33.97,"0:LIVING","HER2-enriched","Negative","Her2",1,"Primary","Female",-13,-10,"Matched","enrollment",0.533333333,"T4","T_Other"
"163","brca_tcga_pub","TCGA-A8-A08Z-01",76,"Breast Cancer","Invasive Breast Carcinoma",2,"Stage IIIC","Positive",0.1054,"Negative",3,3,3,"M0","Negative",2,4,24,"N3","Positive","BRCA",39.98,"0:LIVING","Luminal A","Positive","LumA",1,"Primary","Female",-5,-3,"Matched","enrollment",0.8,"T4","T_Other"
"164","brca_tcga_pub","TCGA-A8-A090-01",74,"Breast Cancer","Invasive Breast Carcinoma",4,"Stage IIA","Positive",0.2863,"Negative",NA,NA,NA,"M0","Negative",4,2,26,"N0","Negative","BRCA",0,"0:LIVING","Luminal A","Positive",NA,1,"Primary","Female",0,-3,"Matched","enrollment",0.866666667,"T2","T_Other"
"165","brca_tcga_pub","TCGA-A8-A091-01",61,"Breast Cancer","Invasive Breast Carcinoma",4,"Stage IIA","Positive",0.3068,"Negative",1,3,3,"M0","Negative",4,2,15,"N0","Negative","BRCA",19.06,"0:LIVING","Luminal A","Negative","LumA/B",1,"Primary","Female",-10,-3,"Matched","enrollment",0.5,"T2","T_Other"
"166","brca_tcga_pub","TCGA-A8-A092-01",48,"Breast Cancer","Invasive Breast Carcinoma",2,"Stage IIIA","Positive",0.5728,"Negative",NA,NA,NA,"M0","Negative",2,4,62,"N2","Positive","BRCA",17.02,"0:LIVING","HER2-enriched","Positive",NA,1,"Primary","Female",-2,-3,"Matched","enrollment",2.066666667,"T2","T_Other"
"167","brca_tcga_pub","TCGA-A8-A093-01",61,"Breast Cancer","Invasive Breast Carcinoma",3,"Stage IIA","Positive",0.4219,"Negative",NA,NA,NA,"M0","Negative",4,2,80,"N0","Negative","BRCA",17.91,"0:LIVING","Luminal A","Positive",NA,1,"Primary","Female",-12,-3,"Matched","enrollment",2.7,"T2","T_Other"
"168","brca_tcga_pub","TCGA-A8-A094-01",75,"Breast Cancer","Invasive Breast Carcinoma",1,"Stage IIA","Positive",0.4871,"Negative",2,2,1,"M0","Negative",1,3,147,"N0","Negative","BRCA",0,"0:LIVING","HER2-enriched","Negative","Basal",1,"Primary","Female",-11,-5,"Matched","enrollment",4.866666667,"T2","T_Other"
"169","brca_tcga_pub","TCGA-A8-A095-01",45,"Breast Cancer","Invasive Breast Carcinoma",3,"Stage I","Positive",0.0741,"Negative",NA,NA,NA,"M0","Negative",4,4,83,"N0","Negative","BRCA",41.92,"0:LIVING","Luminal B","Positive","ReacII",1,"Primary","Female",-7,-3,"Matched","enrollment",2.8,"T1","T1"
"170","brca_tcga_pub","TCGA-A8-A096-01",73,"Breast Cancer","Invasive Breast Carcinoma",2,"Stage IIA","Positive",0.0683,"Negative",NA,NA,NA,"M0","Negative",4,4,29,"N0","Negative","BRCA",0,"0:LIVING","Luminal B","Positive",NA,1,"Primary","Female",-12,-4,"Matched","enrollment",0.966666667,"T2","T_Other"
"171","brca_tcga_pub","TCGA-A8-A097-01",65,"Breast Cancer","Invasive Breast Carcinoma",5,"Stage IIB","Positive",0.3867,"Positive",NA,NA,NA,"M0","Negative",2,4,68,"N1","Positive","BRCA",11.99,"0:LIVING","Luminal B","Positive",NA,1,"Primary","Female",0,-2,"Matched","enrollment",2.266666667,"T2","T_Other"
"172","brca_tcga_pub","TCGA-A8-A099-01",76,"Breast Cancer","Invasive Breast Carcinoma",2,"Stage IIIC","Positive",0.1923,"Positive",4,3,3,"M0","Negative",3,1,24,"N3","Positive","BRCA",9.99,"0:LIVING","Luminal A","Positive","LumA/B",1,"Primary","Female",-12,-3,"Matched","enrollment",0.8,"T4","T_Other"
"173","brca_tcga_pub","TCGA-A8-A09A-01",40,"Breast Cancer","Invasive Breast Carcinoma",4,"Stage IIA","Positive",0.426,"Negative",1,3,3,"M0","Negative",4,4,83,"N0","Negative","BRCA",9.99,"0:LIVING","Luminal A","Positive","LumA",1,"Primary","Female",-3,-3,"Matched","enrollment",2.8,"T2","T_Other"
"174","brca_tcga_pub","TCGA-A8-A09B-01",58,"Breast Cancer","Invasive Breast Carcinoma",4,"Stage IIIB","Positive",0.5104,"Negative",1,3,3,"M0","Negative",4,4,28,"N1","Positive","BRCA",11.99,"0:LIVING","Luminal A","Positive","LumA",1,"Primary","Female",0,-3,"Matched","enrollment",0.933333333,"T4","T_Other"
"175","brca_tcga_pub","TCGA-A8-A09C-01",69,"Breast Cancer","Invasive Breast Carcinoma",4,"Stage IIA","Positive",0.4981,"Negative",3,3,4,"M0","Negative",2,2,20,"N0","Negative","BRCA",1.02,"0:LIVING","Luminal B","Positive","LumA",1,"Primary","Female",0,-3,"Matched","enrollment",0.7,"T2","T_Other"
"176","brca_tcga_pub","TCGA-A8-A09D-01",47,"Breast Cancer","Invasive Breast Carcinoma",5,"No_Conversion","Positive",0.2338,"Negative",NA,NA,NA,"M0","Negative",1,1,24,"N1","Positive","BRCA",13.01,"0:LIVING","Luminal B","Positive",NA,1,"Primary","Female",-3,-3,"Matched","enrollment",0.733333333,"T2","T_Other"
"177","brca_tcga_pub","TCGA-A8-A09E-01",73,"Breast Cancer","Invasive Breast Carcinoma",NA,"Stage IIIB","Positive",0.5448,"Equivocal",NA,NA,NA,"M0","Negative",NA,NA,NA,"N1","Positive","BRCA",30.95,"0:LIVING",NA,"Positive",NA,1,"Primary","Female",NA,NA,"Matched","enrollment",NA,"T4","T_Other"
"178","brca_tcga_pub","TCGA-A8-A09G-01",79,"Breast Cancer","Invasive Breast Carcinoma",2,"Stage IIIC","Positive",0.2213,"Positive",3,2,1,"M0","Negative",1,3,189,"N3","Positive","BRCA",0,"0:LIVING","HER2-enriched","Negative","Her2",1,"Primary","Female",-11,-5,"Matched","enrollment",6.233333333,"T3","T_Other"
"179","brca_tcga_pub","TCGA-A8-A09I-01",84,"Breast Cancer","Invasive Breast Carcinoma",5,"Stage IIA","Positive",0.3571,"Positive",1,1,4,"M0","Negative",3,4,101,"N0","Negative","BRCA",33.05,"0:LIVING","Luminal B","Positive","Her2",1,"Primary","Female",-2,-5,"Matched","enrollment",3.333333333,"T2","T_Other"
"180","brca_tcga_pub","TCGA-A8-A09K-01",68,"Breast Cancer","Invasive Breast Carcinoma",NA,"Stage IIA","Positive",0.5029,"Negative",NA,NA,NA,"M0","Negative",NA,NA,NA,"N1","Positive","BRCA",29.93,"0:LIVING",NA,"Positive",NA,1,"Primary","Female",NA,NA,"Matched","enrollment",NA,"T1","T1"
"181","brca_tcga_pub","TCGA-A8-A09M-01",75,"Breast Cancer","Invasive Breast Carcinoma",5,"Stage IIIC","Positive",0.4565,"Negative",1,1,4,"M0","Negative",4,5,79,"N3","Positive","BRCA",15.01,"0:LIVING","Luminal B","Positive","LumA/B",1,"Primary","Female",-2,-5,"Matched","enrollment",2.633333333,"T2","T_Other"
"182","brca_tcga_pub","TCGA-A8-A09N-01",57,"Breast Cancer","Invasive Breast Carcinoma",1,"Stage IIIC","Positive",0.6977,"Positive",NA,NA,NA,"M0","Negative",4,7,52,"N3","Positive","BRCA",1.02,"0:LIVING","Luminal B","Positive",NA,1,"Primary","Female",0,-3,"Matched","enrollment",1.7,"T2","T_Other"
"183","brca_tcga_pub","TCGA-A8-A09Q-01",83,"Breast Cancer","Invasive Breast Carcinoma",2,"Stage IIIB","Positive",0.5959,"Negative",NA,NA,NA,"M0","Negative",3,4,86,"N2","Positive","BRCA",25,"0:LIVING","Luminal B","Positive",NA,1,"Primary","Female",-2,-5,"Matched","enrollment",2.866666667,"T4","T_Other"
"184","brca_tcga_pub","TCGA-A8-A09R-01",82,"Breast Cancer","Invasive Breast Carcinoma",5,"Stage IIB","Positive",0.4749,"Negative",1,1,4,"M0","Negative",4,4,39,"N1","Positive","BRCA",8.97,"0:LIVING","Luminal B","Positive","Her2",1,"Primary","Female",0,-3,"Matched","enrollment",1.333333333,"T2","T_Other"
"185","brca_tcga_pub","TCGA-A8-A09T-01",68,"Breast Cancer","Invasive Breast Carcinoma",4,"Stage I","Positive",0.093,"Negative",NA,NA,NA,"M0","Negative",2,2,20,"N0","Negative","BRCA",18.99,"0:LIVING","Luminal A","Positive",NA,1,"Primary","Female",-12,-3,"Matched","enrollment",0.666666667,"T1","T1"
"186","brca_tcga_pub","TCGA-A8-A09V-01",51,"Breast Cancer","Invasive Breast Carcinoma",2,"Stage IIA","Positive",0.0703,"Negative",NA,NA,NA,"M0","Negative",2,NA,19,"N0","Negative","BRCA",15.01,"0:LIVING","Luminal A","Positive",NA,1,"Primary","Female",-12,-3,"Matched","enrollment",0.633333333,"T2","T_Other"
"187","brca_tcga_pub","TCGA-A8-A09W-01",70,"Breast Cancer","Invasive Breast Carcinoma",2,"Stage IIIC","Positive",0.3816,"Negative",NA,NA,NA,"M0","Negative",4,NA,68,"N3","Positive","BRCA",0.99,"0:LIVING","Luminal B","Positive","Her2",1,"Primary","Female",-2,-5,"Matched","enrollment",2.233333333,"T2","T_Other"
"188","brca_tcga_pub","TCGA-A8-A09X-01",62,"Breast Cancer","Invasive Breast Carcinoma",3,"Stage IIIC","Negative",0.1791,"Negative",2,1,1,"M0","Negative",4,3,36,"N3","Positive","BRCA",14,"1:DECEASED","HER2-enriched","Negative","Her2",1,"Primary","Female",-11,-5,"Matched","enrollment",1.2,"T2","T_Other"
"189","brca_tcga_pub","TCGA-A8-A09Z-01",83,"Breast Cancer","Invasive Breast Carcinoma",2,"Stage IIB","Positive",0.1205,"Negative",NA,NA,NA,"M0","Negative",4,2,NA,"N0","Negative","BRCA",0,"0:LIVING","Luminal B","Negative","Basal",1,"Primary","Female",0,-5,"Matched","enrollment",NA,"T3","T_Other"
"190","brca_tcga_pub","TCGA-A8-A0A1-01",84,"Breast Cancer","Invasive Breast Carcinoma",2,"Stage IIA","Positive",0.117,"Negative",NA,NA,NA,"M0","Negative",4,4,29,"N0","Negative","BRCA",11.99,"0:LIVING","Luminal A","Positive",NA,1,"Primary","Female",-5,-7,"Matched","enrollment",0.966666667,"T2","T_Other"
"191","brca_tcga_pub","TCGA-A8-A0A2-01",66,"Breast Cancer","Invasive Breast Carcinoma",2,"Stage IIA","Positive",0.3321,"Negative",NA,NA,NA,"M0","Negative",3,2,19,"N0","Negative","BRCA",18.99,"0:LIVING","Luminal A","Positive",NA,1,"Primary","Female",0,-3,"Matched","enrollment",0.633333333,"T2","T_Other"
"192","brca_tcga_pub","TCGA-A8-A0A4-01",73,"Breast Cancer","Invasive Breast Carcinoma",2,"Stage IIA","Positive",0.2609,"Negative",1,3,3,"M0","Negative",4,3,14,"N0","Negative","BRCA",13.01,"0:LIVING","Luminal A","Positive","ReacII",1,"Primary","Female",-5,-7,"Matched","enrollment",0.466666667,"T2","T_Other"
"193","brca_tcga_pub","TCGA-A8-A0A6-01",64,"Breast Cancer","Invasive Breast Carcinoma",2,"Stage IIIC","Positive",0.1429,"Negative",NA,NA,NA,"M0","Negative",4,1,NA,"N3","Positive","BRCA",21.03,"0:LIVING","Luminal A","Positive",NA,1,"Primary","Female",-5,-4,"Matched","enrollment",NA,"T2","T_Other"
"194","brca_tcga_pub","TCGA-A8-A0A7-01",57,"Breast Cancer","Invasive Breast Carcinoma",3,"Stage IIB","Negative",0.0491,"Positive",1,1,1,"M0","Negative",1,4,63,"N1","Positive","BRCA",0.99,"0:LIVING","HER2-enriched","Negative","Her2",1,"Primary","Female",-2,-5,"Matched","enrollment",2.066666667,"T2","T_Other"
"195","brca_tcga_pub","TCGA-A8-A0A9-01",80,"Breast Cancer","Invasive Breast Carcinoma",3,"Stage IIA","Positive",0.4832,"Negative",NA,NA,NA,"M0","Negative",3,2,41,"N0","Negative","BRCA",13.01,"0:LIVING","Luminal B","Positive",NA,1,"Primary","Female",0,-3,"Matched","enrollment",1.366666667,"T2","T_Other"
"196","brca_tcga_pub","TCGA-A8-A0AB-01",54,"Breast Cancer","Invasive Breast Carcinoma",2,"Stage IIA","Positive",0.2947,"Negative",NA,NA,NA,"M0","Negative",4,2,18,"N0","Negative","BRCA",16.99,"0:LIVING","Luminal B","Positive",NA,1,"Primary","Female",-1,-3,"Matched","enrollment",0.6,"T2","T_Other"
"197","brca_tcga_pub","TCGA-A8-A0AD-01",83,"Breast Cancer","Invasive Breast Carcinoma",2,"Stage I","Positive",0.1633,"Negative",NA,NA,NA,"M0","Negative",2,2,21,"N0","Negative","BRCA",38.01,"0:LIVING","Luminal A","Positive",NA,1,"Primary","Female",-12,-3,"Matched","enrollment",0.7,"T1","T1"
"198","brca_tcga_pub","TCGA-AC-A23C-01",62,"Breast Cancer","Invasive Breast Carcinoma",3,"Stage IIB","Positive",0.1676,"Positive",NA,NA,NA,"M0","Negative",4,7,NA,"N1","Positive","BRCA",0.95,"0:LIVING",NA,"Positive",NA,1,"Primary","Female",NA,NA,"Matched","enrollment",NA,"T2","T_Other"
"199","brca_tcga_pub","TCGA-AC-A23E-01",50,"Breast Cancer","Invasive Breast Carcinoma",2,"Stage IIB","Positive",0.1121,"Negative",NA,NA,NA,"M0","Negative",2,NA,NA,"N1","Positive","BRCA",2.37,"0:LIVING",NA,"Positive",NA,1,"Primary","Female",NA,NA,"Matched","enrollment",NA,"T2","T_Other"
"200","brca_tcga_pub","TCGA-AC-A23H-01",90,"Breast Cancer","Invasive Breast Carcinoma",3,"Stage IIA","Positive",0.2724,"Positive",NA,NA,NA,"M0","Negative",3,NA,NA,"N0","Negative","BRCA",2.66,"0:LIVING",NA,"Negative",NA,1,"Primary","Female",NA,NA,"Matched","enrollment",NA,"T2","T_Other"
"201","brca_tcga_pub","TCGA-AC-A2B8-01",NA,"Breast Cancer","Invasive Breast Carcinoma",2,NA,NA,0.1088,NA,NA,NA,NA,NA,NA,1,NA,NA,NA,NA,"BRCA",NA,NA,NA,NA,NA,1,"Primary",NA,NA,NA,"Matched",NA,NA,NA,NA
"202","brca_tcga_pub","TCGA-AC-A2FB-01",NA,"Breast Cancer","Invasive Breast Carcinoma",3,NA,NA,0.0024,NA,NA,NA,NA,NA,NA,1,NA,NA,NA,NA,"BRCA",NA,NA,NA,NA,NA,1,"Primary",NA,NA,NA,"Matched",NA,NA,NA,NA
"203","brca_tcga_pub","TCGA-AC-A2FF-01",NA,"Breast Cancer","Invasive Breast Carcinoma",1,NA,NA,0.0011,NA,NA,NA,NA,NA,NA,1,NA,NA,NA,NA,"BRCA",NA,NA,NA,NA,NA,1,"Primary",NA,NA,NA,"Matched",NA,NA,NA,NA
"204","brca_tcga_pub","TCGA-AC-A2FG-01",NA,"Breast Cancer","Invasive Breast Carcinoma",2,NA,NA,0.0788,NA,NA,NA,NA,NA,NA,1,NA,NA,NA,NA,"BRCA",NA,NA,NA,NA,NA,1,"Primary",NA,NA,NA,"Matched",NA,NA,NA,NA
"205","brca_tcga_pub","TCGA-AN-A03X-01",74,"Breast Cancer","Invasive Breast Carcinoma",4,"No_Conversion","Positive",0.3072,"Negative",NA,NA,NA,"M0","Negative",3,4,28,"N0","Negative","BRCA",0.33,"0:LIVING","Luminal A","Positive",NA,1,"Primary","Female",0,-3,"Matched","enrollment",0.933333333,"T2","T_Other"
"206","brca_tcga_pub","TCGA-AN-A03Y-01",66,"Breast Cancer","Invasive Breast Carcinoma",3,"No_Conversion","Positive",0.3773,"Negative",NA,NA,NA,"M0","Negative",4,5,24,"N0","Negative","BRCA",0.33,"0:LIVING","Luminal B","Positive",NA,1,"Primary","Female",-1,-3,"Matched","enrollment",0.8,"T2","T_Other"
"207","brca_tcga_pub","TCGA-AN-A041-01",29,"Breast Cancer","Invasive Breast Carcinoma",5,"Stage IIB","Positive",0.3265,"Equivocal",1,3,4,"M0","Negative",4,4,21,"N1","Positive","BRCA",0.23,"0:LIVING","Luminal B","Negative","LumA",1,"Primary","Female",-2,-3,"Matched","enrollment",0.766666667,"T2","T_Other"
"208","brca_tcga_pub","TCGA-AN-A046-01",68,"Breast Cancer","Invasive Breast Carcinoma",2,"No_Conversion","Positive",0.0264,"Negative",NA,NA,NA,"M0","Negative",4,4,NA,"N0","Negative","BRCA",0.33,"0:LIVING","Luminal A","Positive",NA,1,"Primary","Female",0,-3,"Matched","enrollment",NA,"T2","T_Other"
"209","brca_tcga_pub","TCGA-AN-A049-01",62,"Breast Cancer","Invasive Breast Carcinoma",5,"No_Conversion","Positive",0.3796,"Negative",1,3,4,"M0","Negative",4,3,24,"N0","Negative","BRCA",0.62,"0:LIVING","Luminal B","Positive","ReacI",1,"Primary","Female",0,-3,"Matched","enrollment",0.866666667,"T2","T_Other"
"210","brca_tcga_pub","TCGA-AN-A04A-01",36,"Breast Cancer","Invasive Breast Carcinoma",5,"No_Conversion","Positive",0.5374,"Negative",3,3,3,"M0","Negative",2,4,23,"N2","Positive","BRCA",2.92,"0:LIVING","Luminal A","Positive","LumA/B",1,"Primary","Female",-5,-3,"Matched","enrollment",0.833333333,"T2","T_Other"
"211","brca_tcga_pub","TCGA-AN-A04C-01",51,"Breast Cancer","Invasive Breast Carcinoma",3,"No_Conversion","Negative",0.339,"Positive",NA,NA,NA,"M0","Negative",4,5,49,"N1","Positive","BRCA",1.77,"0:LIVING","HER2-enriched","Negative",NA,1,"Primary","Female",-11,-9,"Matched","enrollment",1.6,"T2","T_Other"
"212","brca_tcga_pub","TCGA-AN-A04D-01",58,"Breast Cancer","Invasive Breast Carcinoma",1,"No_Conversion","Negative",0.3686,"Negative",2,2,2,"M0","Negative",5,5,71,"N1","Positive","BRCA",1.71,"0:LIVING","Basal-like","Negative","Basal",1,"Primary","Female",-13,0,"Matched","enrollment",2.4,"T2","T_Other"
"213","brca_tcga_pub","TCGA-AN-A0AJ-01",79,"Breast Cancer","Invasive Breast Carcinoma",5,"No_Conversion","Positive",0.6855,"Positive",1,1,4,"M0","Negative",3,4,64,"N0","Negative","BRCA",7.98,"0:LIVING","Luminal B","Positive","LumA",1,"Primary","Female",-2,-5,"Matched","enrollment",2.1,"T3","T_Other"
"214","brca_tcga_pub","TCGA-AN-A0AK-01",76,"Breast Cancer","Invasive Breast Carcinoma",1,"No_Conversion","Positive",0.2818,"Negative",NA,NA,NA,"M0","Negative",4,1,NA,"N0","Negative","BRCA",7.33,"0:LIVING","Luminal B","Negative","Basal",1,"Primary","Female",-10,-5,"Matched","enrollment",NA,"T2","T_Other"
"215","brca_tcga_pub","TCGA-AN-A0AL-01",41,"Breast Cancer","Invasive Breast Carcinoma",1,"No_Conversion","Negative",0.4407,"Negative",2,2,2,"M0","Negative",5,3,64,"N0","Negative","BRCA",6.47,"0:LIVING","Basal-like","Negative","Basal",1,"Primary","Female",-13,0,"Matched","enrollment",2.133333333,"T4","T_Other"
"216","brca_tcga_pub","TCGA-AN-A0AM-01",56,"Breast Cancer","Invasive Breast Carcinoma",3,"No_Conversion","Positive",0.2787,"Negative",1,1,4,"M0","Negative",4,4,42,"N0","Negative","BRCA",0.16,"0:LIVING","Luminal B","Negative","LumA/B",1,"Primary","Female",-2,-5,"Matched","enrollment",1.4,"T2","T_Other"
"217","brca_tcga_pub","TCGA-AN-A0AR-01",55,"Breast Cancer","Invasive Breast Carcinoma",1,"No_Conversion","Negative",0.5378,"Negative",2,2,2,"M0","Negative",5,5,97,"N0","Negative","BRCA",0.3,"0:LIVING","Basal-like","Negative","Basal",1,"Primary","Female",-13,0,"Matched","enrollment",3.233333333,"T2","T_Other"
"218","brca_tcga_pub","TCGA-AN-A0AS-01",70,"Breast Cancer","Invasive Breast Carcinoma",3,"No_Conversion","Positive",0.2493,"Negative",3,3,4,"M0","Negative",2,2,29,"N2","Positive","BRCA",0.3,"0:LIVING","Luminal B","Negative","Basal",1,"Primary","Female",-1,-3,"Matched","enrollment",0.966666667,"T2","T_Other"
"219","brca_tcga_pub","TCGA-AN-A0AT-01",62,"Breast Cancer","Invasive Breast Carcinoma",1,"No_Conversion","Negative",0.4552,"Negative",NA,NA,NA,"M0","Negative",5,NA,100,"N0","Negative","BRCA",0.33,"0:LIVING","Basal-like","Negative","Basal",1,"Primary","Female",-13,-12,"Matched","enrollment",3.333333333,"T2","T_Other"
"220","brca_tcga_pub","TCGA-AN-A0FD-01",71,"Breast Cancer","Invasive Breast Carcinoma",1,"No_Conversion","Positive",0.171,"Positive",3,3,3,"M0","Negative",2,4,29,"N0","Negative","BRCA",6.41,"0:LIVING","Luminal A","Positive","LumA/B",1,"Primary","Female",-8,-3,"Matched","enrollment",0.966666667,"T2","T_Other"
"221","brca_tcga_pub","TCGA-AN-A0FF-01",32,"Breast Cancer","Invasive Breast Carcinoma",3,"No_Conversion","Positive",0.1509,"Negative",1,3,4,"M0","Negative",4,1,18,"N0","Negative","BRCA",4.6,"0:LIVING","Luminal B","Positive","LumA",1,"Primary","Female",0,-3,"Matched","enrollment",0.633333333,"T1","T1"
"222","brca_tcga_pub","TCGA-AN-A0FJ-01",59,"Breast Cancer","Invasive Breast Carcinoma",1,"No_Conversion","Positive",0.6191,"Negative",2,2,2,"M0","Negative",5,5,66,"N2","Positive","BRCA",7.92,"0:LIVING","Basal-like","Negative","Basal",1,"Primary","Female",-13,0,"Matched","enrollment",2.2,"T2","T_Other"
"223","brca_tcga_pub","TCGA-AN-A0FK-01",88,"Breast Cancer","Invasive Breast Carcinoma",2,"No_Conversion","Positive",0.5521,"Negative",3,3,4,"M0","Negative",2,4,28,"N0","Negative","BRCA",6.97,"0:LIVING","Luminal B","Positive","LumA",1,"Primary","Female",-12,-3,"Matched","enrollment",0.9,"T4","T_Other"
"224","brca_tcga_pub","TCGA-AN-A0FL-01",62,"Breast Cancer","Invasive Breast Carcinoma",1,"No_Conversion","Negative",0.5381,"Negative",2,2,2,"M0","Negative",5,5,137,"N0","Negative","BRCA",7.56,"0:LIVING","Basal-like","Negative","Basal",1,"Primary","Female",-13,0,"Matched","enrollment",4.566666667,"T2","T_Other"
"225","brca_tcga_pub","TCGA-AN-A0FN-01",61,"Breast Cancer","Invasive Breast Carcinoma",1,"No_Conversion","Positive",4e-04,"Negative",NA,NA,NA,"M0","Negative",1,4,14,"N0","Negative","BRCA",7.16,"0:LIVING","Luminal A","Positive",NA,1,"Primary","Female",-5,-7,"Matched","enrollment",0.466666667,"T1","T1"
"226","brca_tcga_pub","TCGA-AN-A0FS-01",55,"Breast Cancer","Invasive Breast Carcinoma",2,"No_Conversion","Positive",0.1049,"Negative",3,4,3,"M0","Negative",2,2,39,"N0","Negative","BRCA",6.28,"0:LIVING","Luminal A","Negative","ReacII",1,"Primary","Female",-5,-7,"Matched","enrollment",1.3,"T1","T1"
"227","brca_tcga_pub","TCGA-AN-A0FT-01",63,"Breast Cancer","Invasive Breast Carcinoma",3,"No_Conversion","Positive",0.5805,"Positive",4,5,3,"M0","Negative",3,5,69,"N1","Positive","BRCA",6.01,"0:LIVING","Luminal A","Positive","Her2",1,"Primary","Female",-2,-3,"Matched","enrollment",2.266666667,"T2","T_Other"
"228","brca_tcga_pub","TCGA-AN-A0FV-01",58,"Breast Cancer","Invasive Breast Carcinoma",1,"No_Conversion","Negative",0.5399,"Positive",1,1,1,"M0","Negative",2,4,59,"N0","Negative","BRCA",0.33,"0:LIVING","HER2-enriched","Negative","Her2",1,"Primary","Female",-11,-5,"Matched","enrollment",1.933333333,"T2","T_Other"
"229","brca_tcga_pub","TCGA-AN-A0FW-01",67,"Breast Cancer","Invasive Breast Carcinoma",3,"No_Conversion","Positive",0.1949,"Negative",4,3,3,"M0","Negative",3,1,75,"N2","Positive","BRCA",0.36,"0:LIVING","Luminal A","Indeterminate","LumA/B",1,"Primary","Female",-4,-3,"Matched","enrollment",2.533333333,"T2","T_Other"
"230","brca_tcga_pub","TCGA-AN-A0FX-01",52,"Breast Cancer","Invasive Breast Carcinoma",1,"No_Conversion","Negative",0.5402,"Negative",1,1,2,"M0","Negative",4,4,93,"N0","Negative","BRCA",0.33,"0:LIVING","Basal-like","Negative","ReacII",1,"Primary","Female",-13,-11,"Matched","enrollment",3.1,"T2","T_Other"
"231","brca_tcga_pub","TCGA-AN-A0FY-01",55,"Breast Cancer","Invasive Breast Carcinoma",3,"No_Conversion","Positive",0.35,"Negative",3,3,4,"M0","Negative",2,5,46,"N0","Negative","BRCA",0.33,"0:LIVING","Luminal B","Positive","LumA",1,"Primary","Female",-2,-3,"Matched","enrollment",1.6,"T1","T1"
"232","brca_tcga_pub","TCGA-AN-A0FZ-01",45,"Breast Cancer","Invasive Breast Carcinoma",3,"No_Conversion","Positive",0.4504,"Equivocal",3,3,3,"M0","Negative",2,4,36,"N2","Positive","BRCA",0.33,"0:LIVING","Luminal A","Negative","LumA/B",1,"Primary","Female",-3,-3,"Matched","enrollment",1.233333333,"T2","T_Other"
"233","brca_tcga_pub","TCGA-AN-A0G0-01",56,"Breast Cancer","Invasive Breast Carcinoma",NA,"No_Conversion","Negative",NA,"Negative",NA,NA,NA,"M0","Negative",5,3,29,"N0","Negative","BRCA",0.53,"0:LIVING","Basal-like","Negative","Basal",1,"Primary","Female",-13,0,"Matched","enrollment",0.966666667,"T2","T_Other"
"234","brca_tcga_pub","TCGA-AN-A0XL-01",61,"Breast Cancer","Invasive Breast Carcinoma",5,"Stage IIA","Positive",0.3332,"Negative",NA,NA,NA,"M0","Negative",2,6,34,"N0","Negative","BRCA",0.33,"0:LIVING","Luminal A","Positive",NA,1,"Primary","Female",-5,-7,"Matched","enrollment",1.166666667,"T2","T_Other"
"235","brca_tcga_pub","TCGA-AN-A0XN-01",68,"Breast Cancer","Invasive Breast Carcinoma",4,"Stage IIIA","Negative",0.5133,"Negative",1,3,3,"M0","Negative",3,4,108,"N2","Positive","BRCA",0.33,"0:LIVING","Luminal A","Positive","ReacI",1,"Primary","Female",-5,-3,"Matched","enrollment",3.6,"T2","T_Other"
"236","brca_tcga_pub","TCGA-AN-A0XO-01",59,"Breast Cancer","Invasive Breast Carcinoma",2,"Stage IIIA","Positive",0.2092,"Negative",1,3,3,"M0","Negative",4,4,54,"N2","Positive","BRCA",12.32,"0:LIVING","Luminal A","Negative","LumA/B",1,"Primary","Female",-7,-3,"Matched","enrollment",1.766666667,"T2","T_Other"
"237","brca_tcga_pub","TCGA-AN-A0XP-01",69,"Breast Cancer","Invasive Breast Carcinoma",2,"Stage IIIA","Positive",0.1617,"Negative",3,3,3,"M0","Negative",2,4,23,"N2","Positive","BRCA",0.3,"0:LIVING","Luminal A","Positive","LumA",1,"Primary","Female",-12,-3,"Matched","enrollment",0.766666667,"T2","T_Other"
"238","brca_tcga_pub","TCGA-AN-A0XR-01",55,"Breast Cancer","Invasive Breast Carcinoma",2,"Stage IIIA","Positive",0.1201,"Negative",NA,NA,NA,"M0","Negative",3,4,28,"N2","Positive","BRCA",0.33,"0:LIVING","Luminal B","Negative",NA,1,"Primary","Female",-12,-3,"Matched","enrollment",0.933333333,"T2","T_Other"
"239","brca_tcga_pub","TCGA-AN-A0XS-01",63,"Breast Cancer","Invasive Breast Carcinoma",4,"Stage IIIA","Negative",0.0804,"Negative",3,3,3,"M0","Negative",2,4,26,"N2","Positive","BRCA",0.33,"0:LIVING","Luminal A","Positive","LumA",1,"Primary","Female",-5,-4,"Matched","enrollment",0.866666667,"T2","T_Other"
"240","brca_tcga_pub","TCGA-AN-A0XT-01",54,"Breast Cancer","Invasive Breast Carcinoma",2,"Stage IIIA","Positive",0.3076,"Negative",3,3,3,"M0","Negative",5,7,12,"N2","Positive","BRCA",0.33,"0:LIVING","Luminal A","Negative","LumA/B",1,"Primary","Female",0,-3,"Matched","enrollment",0.4,"T2","T_Other"
"241","brca_tcga_pub","TCGA-AN-A0XU-01",54,"Breast Cancer","Invasive Breast Carcinoma",1,"Stage IIA","Negative",0.4834,"Negative",2,2,2,"M0","Negative",5,4,93,"N0","Negative","BRCA",0.33,"0:LIVING","Basal-like","Negative","Basal",1,"Primary","Female",-13,-12,"Matched","enrollment",3.1,"T2","T_Other"
"242","brca_tcga_pub","TCGA-AN-A0XV-01",67,"Breast Cancer","Invasive Breast Carcinoma",4,"Stage IIIA","Positive",0.0851,"Negative",NA,NA,NA,"M0","Negative",4,2,27,"N2","Positive","BRCA",5.32,"0:LIVING","Luminal A","Positive",NA,1,"Primary","Female",0,0,"Matched","enrollment",0.9,"T2","T_Other"
"243","brca_tcga_pub","TCGA-AN-A0XW-01",36,"Breast Cancer","Invasive Breast Carcinoma",5,"Stage IIIA","Positive",0.2488,"Negative",1,1,4,"M0","Negative",2,4,174,"N2","Positive","BRCA",5.59,"0:LIVING","Luminal B","Positive","Her2",1,"Primary","Female",-2,-4,"Matched","enrollment",5.8,"T2","T_Other"
"244","brca_tcga_pub","TCGA-AO-A03L-01",34,"Breast Cancer","Invasive Breast Carcinoma",5,"No_Conversion","Positive",0.6527,"Negative",1,3,1,"M0","Negative",4,1,19,"N2","Positive","BRCA",80.23,"0:LIVING","HER2-enriched","Positive","Basal",1,"Primary","Female",-2,-4,"Matched","followup",0.633333333,"T3","T_Other"
"245","brca_tcga_pub","TCGA-AO-A03M-01",29,"Breast Cancer","Invasive Breast Carcinoma",1,"Stage I","Positive",0.163,"Negative",NA,NA,NA,"M0","Negative",1,7,NA,"N0","Negative","BRCA",47.8,"0:LIVING","Luminal A","Positive","ReacII",1,"Primary","Female",-2,-5,"Matched","followup",NA,"T1","T1"
"246","brca_tcga_pub","TCGA-AO-A03N-01",59,"Breast Cancer","Invasive Breast Carcinoma",3,"No_Conversion","Positive",0.4975,"Negative",3,3,4,"M0","Negative",2,6,87,"N1","Positive","BRCA",54.05,"0:LIVING","HER2-enriched","Positive","Her2",1,"Primary","Female",-2,-3,"Matched","followup",2.933333333,"T2","T_Other"
"247","brca_tcga_pub","TCGA-AO-A03O-01",69,"Breast Cancer","Invasive Breast Carcinoma",3,"Stage IIA","Positive",0.3537,"Negative",1,1,4,"M0","Negative",4,1,56,"N0","Negative","BRCA",81.58,"1:DECEASED","Luminal B","Positive","LumA/B",1,"Primary","Female",-2,-5,"Matched","followup",1.866666667,"T2","T_Other"
"248","brca_tcga_pub","TCGA-AO-A03P-01",54,"Breast Cancer","Invasive Breast Carcinoma",3,"No_Conversion","Positive",0.4219,"Negative",NA,NA,NA,"M0","Negative",2,NA,37,"N1","Positive","BRCA",84.63,"0:LIVING","Luminal B","Positive","LumA/B",1,"Primary","Female",-10,-5,"Matched","enrollment",1.266666667,"T2","T_Other"
"249","brca_tcga_pub","TCGA-AO-A03R-01",57,"Breast Cancer","Invasive Breast Carcinoma",4,"No_Conversion","Positive",0.2442,"Negative",NA,NA,NA,"M0","Negative",2,2,27,"N1","Positive","BRCA",56.08,"0:LIVING","Normal-like","Positive",NA,1,"Primary","Female",0,0,"Matched","followup",0.9,"T2","T_Other"
"250","brca_tcga_pub","TCGA-AO-A03T-01",42,"Breast Cancer","Invasive Breast Carcinoma",5,"No_Conversion","Positive",0.2679,"Negative",NA,NA,NA,"M0","Negative",2,4,65,"N1","Positive","BRCA",39,"0:LIVING","Normal-like","Positive",NA,1,"Primary","Female",-2,-3,"Matched","enrollment",2.233333333,"T2","T_Other"
"251","brca_tcga_pub","TCGA-AO-A03U-01",31,"Breast Cancer","Invasive Breast Carcinoma",1,"Stage I","Negative",0.001,"Negative",2,2,2,"M0","Negative",5,4,19,"N0","Negative","BRCA",59.01,"1:DECEASED","Normal-like","Negative","Basal",1,"Primary","Female",-5,0,"Matched","followup",0.633333333,"T1","T1"
"252","brca_tcga_pub","TCGA-AO-A03V-01",41,"Breast Cancer","Invasive Breast Carcinoma",1,"Stage I","Positive",0.3132,"Negative",NA,NA,NA,"M0","Negative",2,7,47,"N0","Negative","BRCA",29.11,"0:LIVING","Luminal A","Positive",NA,1,"Primary","Female",0,-3,"Matched","followup",1.633333333,"T1","T1"
"253","brca_tcga_pub","TCGA-AO-A0J2-01",41,"Breast Cancer","Invasive Breast Carcinoma",3,"Stage I","Negative",0.7158,"Negative",2,2,2,"M0","Negative",5,4,45,"N0","Negative","BRCA",19.22,"0:LIVING","HER2-enriched","Negative","Basal",1,"Primary","Female",-11,-9,"Matched","followup",1.5,"T1","T1"
"254","brca_tcga_pub","TCGA-AO-A0J3-01",67,"Breast Cancer","Invasive Breast Carcinoma",5,"No_Conversion","Positive",0.5363,"Negative",4,3,4,"M0","Negative",3,1,60,"N1","Positive","BRCA",9.92,"0:LIVING","Luminal B","Positive","LumA/B",1,"Primary","Female",-10,-3,"Matched","followup",2,"T2","T_Other"
"255","brca_tcga_pub","TCGA-AO-A0J4-01",41,"Breast Cancer","Invasive Breast Carcinoma",1,"Stage I","Negative",0.4434,"Negative",NA,NA,NA,"M0","Negative",5,4,66,"N0","Negative","BRCA",9.66,"0:LIVING","Basal-like","Negative",NA,1,"Primary","Female",-13,-12,"Matched","followup",2.233333333,"T1","T1"
"256","brca_tcga_pub","TCGA-AO-A0J5-01",48,"Breast Cancer","Invasive Breast Carcinoma",NA,"No_Conversion","Positive",0.1273,"Negative",NA,NA,NA,"M1","Positive",NA,NA,NA,"N1","Positive","BRCA",23.13,"0:LIVING",NA,"Negative",NA,1,"Primary","Female",NA,NA,"Matched","followup",NA,"T4","T_Other"
"257","brca_tcga_pub","TCGA-AO-A0J6-01",61,"Breast Cancer","Invasive Breast Carcinoma",1,"Stage IIA","Negative",0.4668,"Negative",2,2,2,"M0","Negative",5,2,91,"N0","Negative","BRCA",25.46,"0:LIVING","Basal-like","Negative","Basal",1,"Primary","Female",-13,-12,"Matched","followup",3.066666667,"T2","T_Other"
"258","brca_tcga_pub","TCGA-AO-A0J7-01",71,"Breast Cancer","Invasive Breast Carcinoma",2,"No_Conversion","Positive",0.7671,"Negative",1,3,4,"M0","Negative",4,2,14,"N1","Positive","BRCA",8.54,"0:LIVING","Luminal B","Positive","LumA/B",1,"Primary","Female",0,-3,"Matched","followup",0.5,"T2","T_Other"
"259","brca_tcga_pub","TCGA-AO-A0J8-01",61,"Breast Cancer","Invasive Breast Carcinoma",2,"Stage IIA","Positive",0.1308,"Negative",3,4,3,"M0","Negative",1,2,19,"N0","Negative","BRCA",9.1,"0:LIVING","Luminal A","Positive","ReacI",1,"Primary","Female",-12,-3,"Matched","followup",0.633333333,"T2","T_Other"
"260","brca_tcga_pub","TCGA-AO-A0J9-01",61,"Breast Cancer","Invasive Breast Carcinoma",2,"No_Conversion","Positive",0.3623,"Negative",1,4,3,"M0","Negative",4,2,71,"N3","Positive","BRCA",41.23,"0:LIVING","Luminal A","Positive","ReacI",1,"Primary","Female",-2,-3,"Matched","followup",2.433333333,"T2","T_Other"
"261","brca_tcga_pub","TCGA-AO-A0JA-01",36,"Breast Cancer","Invasive Breast Carcinoma",2,"No_Conversion","Positive",0.3029,"Negative",NA,NA,NA,"M0","Negative",4,1,23,"N3","Positive","BRCA",11.37,"0:LIVING","Luminal A","Positive",NA,1,"Primary","Female",-4,-4,"Matched","followup",0.766666667,"T2","T_Other"
"262","brca_tcga_pub","TCGA-AO-A0JB-01",50,"Breast Cancer","Invasive Breast Carcinoma",1,"No_Conversion","Positive",0.4249,"Negative",2,2,2,"M0","Negative",5,2,58,"N1","Positive","BRCA",37.78,"0:LIVING","Normal-like","Positive","Basal",1,"Primary","Female",-2,-3,"Matched","followup",1.9,"T3","T_Other"
"263","brca_tcga_pub","TCGA-AO-A0JC-01",64,"Breast Cancer","Invasive Breast Carcinoma",1,"Stage IIA","Positive",1e-04,"Negative",2,2,2,"M0","Negative",5,2,16,"N0","Negative","BRCA",50.83,"0:LIVING","Luminal B","Positive","LumA",1,"Primary","Female",-2,-5,"Matched","followup",0.533333333,"T2","T_Other"
"264","brca_tcga_pub","TCGA-AO-A0JD-01",59,"Breast Cancer","Invasive Breast Carcinoma",2,"No_Conversion","Positive",0.3929,"Negative",3,3,4,"M0","Negative",2,5,84,"N1","Positive","BRCA",59.57,"0:LIVING","Luminal B","Positive","Basal",1,"Primary","Female",-2,-2,"Matched","followup",2.8,"T3","T_Other"
"265","brca_tcga_pub","TCGA-AO-A0JE-01",53,"Breast Cancer","Invasive Breast Carcinoma",5,"No_Conversion","Negative",0.3619,"Positive",1,1,1,"M0","Negative",4,4,35,"N2","Positive","BRCA",64.56,"0:LIVING","HER2-enriched","Negative","Her2",1,"Primary","Female",-11,-5,"Matched","followup",1.166666667,"T2","T_Other"
"266","brca_tcga_pub","TCGA-AO-A0JF-01",68,"Breast Cancer","Invasive Breast Carcinoma",2,"No_Conversion","Positive",0.0531,"Negative",3,4,3,"M0","Negative",2,7,19,"N1","Positive","BRCA",11.63,"0:LIVING","Luminal A","Positive","ReacI",1,"Primary","Female",-5,-7,"Matched","followup",0.633333333,"T1","T1"
"267","brca_tcga_pub","TCGA-AO-A0JG-01",49,"Breast Cancer","Invasive Breast Carcinoma",5,"No_Conversion","Positive",0.2284,"Negative",1,3,3,"M0","Negative",4,1,18,"N2","Positive","BRCA",14.75,"0:LIVING","Luminal A","Positive","LumA/B",1,"Primary","Female",-5,-7,"Matched","followup",0.6,"T2","T_Other"
"268","brca_tcga_pub","TCGA-AO-A0JI-01",56,"Breast Cancer","Invasive Breast Carcinoma",4,"No_Conversion","Positive",0.2489,"Negative",4,3,4,"M0","Negative",3,2,12,"N1","Positive","BRCA",38.51,"0:LIVING","Luminal B","Negative","LumA/B",1,"Primary","Female",-10,-3,"Matched","followup",0.433333333,"T1","T1"
"269","brca_tcga_pub","TCGA-AO-A0JJ-01",54,"Breast Cancer","Invasive Breast Carcinoma",2,"No_Conversion","Positive",0.1567,"Negative",3,4,3,"M0","Negative",1,7,14,"N1","Positive","BRCA",49.68,"0:LIVING","Luminal A","Positive","LumA/B",1,"Primary","Female",-5,-7,"Matched","enrollment",0.466666667,"T2","T_Other"
"270","brca_tcga_pub","TCGA-AO-A0JL-01",59,"Breast Cancer","Invasive Breast Carcinoma",3,"No_Conversion","Negative",0.631,"Negative",2,2,2,"M0","Negative",5,5,52,"N2","Positive","BRCA",43.34,"0:LIVING","Basal-like","Negative","Basal",1,"Primary","Female",-13,0,"Matched","followup",1.733333333,"T2","T_Other"
"271","brca_tcga_pub","TCGA-AO-A0JM-01",40,"Breast Cancer","Invasive Breast Carcinoma",3,"No_Conversion","Positive",0.3307,"Positive",4,5,4,"M0","Negative",3,5,29,"N1","Positive","BRCA",59.99,"0:LIVING","Luminal B","Positive","ReacII",1,"Primary","Female",-2,-5,"Matched","followup",0.966666667,"T2","T_Other"
"272","brca_tcga_pub","TCGA-AO-A124-01",38,"Breast Cancer","Invasive Breast Carcinoma",3,"Stage IIA","Negative",0.7327,"Negative",NA,NA,NA,"M0","Negative",5,3,117,"N0","Negative","BRCA",102.47,"0:LIVING","Basal-like","Negative","Basal",1,"Primary","Female",-13,-12,"Matched","followup",3.9,"T2","T_Other"
"273","brca_tcga_pub","TCGA-AO-A125-01",72,"Breast Cancer","Invasive Breast Carcinoma",2,"Stage IIA","Positive",0.1154,"Negative",NA,NA,NA,"M0","Negative",4,3,29,"N0","Negative","BRCA",99.16,"0:LIVING","Luminal A","Positive",NA,1,"Primary","Female",-12,-3,"Matched","followup",0.966666667,"T2","T_Other"
"274","brca_tcga_pub","TCGA-AO-A126-01",39,"Breast Cancer","Invasive Breast Carcinoma",5,"Stage IIA","Positive",0.1535,"Negative",1,3,3,"M0","Negative",4,6,16,"N0","Negative","BRCA",93.64,"0:LIVING","Luminal A","Positive","Her2",1,"Primary","Female",0,-3,"Matched","followup",0.5,"T2","T_Other"
"275","brca_tcga_pub","TCGA-AO-A128-01",61,"Breast Cancer","Invasive Breast Carcinoma",3,"Stage IIA","Negative",0.1548,"Negative",NA,NA,NA,"M0","Negative",5,6,NA,"N0","Negative","BRCA",94.52,"0:LIVING","Basal-like","Negative","Basal",1,"Primary","Female",-13,0,"Matched","followup",NA,"T2","T_Other"
"276","brca_tcga_pub","TCGA-AO-A129-01",29,"Breast Cancer","Invasive Breast Carcinoma",1,"No_Conversion","Negative",0.3991,"Negative",2,2,2,"M0","Negative",5,3,72,"N1","Positive","BRCA",96.04,"0:LIVING","Basal-like","Negative","Basal",1,"Primary","Female",-13,-12,"Matched","followup",2.4,"T2","T_Other"
"277","brca_tcga_pub","TCGA-AO-A12A-01",47,"Breast Cancer","Invasive Breast Carcinoma",2,"Stage IIA","Positive",0.1372,"Negative",3,4,3,"M0","Negative",2,6,12,"N0","Negative","BRCA",90.48,"0:LIVING","Luminal A","Positive","LumA",1,"Primary","Female",-5,-7,"Matched","followup",0.4,"T2","T_Other"
"278","brca_tcga_pub","TCGA-AO-A12B-01",63,"Breast Cancer","Invasive Breast Carcinoma",3,"Stage IIA","Positive",0.1121,"Negative",3,3,4,"M0","Negative",2,3,25,"N0","Negative","BRCA",77.5,"0:LIVING","Luminal B","Positive","LumA/B",1,"Primary","Female",-12,-3,"Matched","followup",0.833333333,"T2","T_Other"
"279","brca_tcga_pub","TCGA-AO-A12C-01",42,"Breast Cancer","Invasive Breast Carcinoma",2,"No_Conversion","Positive",NA,"Positive",NA,NA,NA,"M0","Negative",4,6,NA,"N1","Positive","BRCA",65.48,"0:LIVING","Luminal A","Positive","ReacI",1,"Primary","Female",-5,-7,"Matched","followup",NA,"T2","T_Other"
"280","brca_tcga_pub","TCGA-AO-A12D-01",43,"Breast Cancer","Invasive Breast Carcinoma",3,"No_Conversion","Negative",0.325,"Positive",2,2,1,"M0","Negative",5,3,32,"N1","Positive","BRCA",64,"0:LIVING","HER2-enriched","Negative","Her2",1,"Primary","Female",-11,-10,"Matched","followup",1.033333333,"T1","T1"
"281","brca_tcga_pub","TCGA-AO-A12E-01",51,"Breast Cancer","Invasive Breast Carcinoma",3,"Stage IIB","Positive",0.4013,"Negative",4,3,3,"M0","Negative",3,1,25,"N0","Negative","BRCA",57.23,"0:LIVING","Luminal A","Positive","LumA/B",1,"Primary","Female",-5,-7,"Matched","followup",0.833333333,"T3","T_Other"
"282","brca_tcga_pub","TCGA-AO-A12F-01",36,"Breast Cancer","Invasive Breast Carcinoma",1,"Stage IIA","Negative",0.6214,"Negative",2,2,2,"M0","Negative",5,5,31,"N0","Negative","BRCA",48.33,"0:LIVING","Basal-like","Negative","Basal",1,"Primary","Female",-13,0,"Matched","followup",1.033333333,"T2","T_Other"
"283","brca_tcga_pub","TCGA-AO-A12G-01",75,"Breast Cancer","Invasive Breast Carcinoma",2,"Stage IIA","Positive",0.2741,"Negative",1,3,3,"M0","Negative",4,2,37,"N0","Negative","BRCA",41.56,"0:LIVING","Luminal A","Positive","LumA/B",1,"Primary","Female",-1,0,"Matched","followup",1.233333333,"T2","T_Other"
"284","brca_tcga_pub","TCGA-AO-A12H-01",69,"Breast Cancer","Invasive Breast Carcinoma",1,"Stage IIA","Positive",0,"Negative",3,3,3,"M0","Negative",2,2,29,"N0","Negative","BRCA",28.32,"0:LIVING","Luminal A","Positive","LumA/B",1,"Primary","Female",-12,-3,"Matched","followup",0.966666667,"T2","T_Other"
"285","brca_tcga_pub","TCGA-AO-A1KO-01",46,"Breast Cancer","Invasive Breast Carcinoma",1,"Stage IIB","Positive",0,"Negative",NA,NA,NA,"M0","Negative",5,6,NA,"N0","Negative","BRCA",14.72,"0:LIVING",NA,"Positive",NA,1,"Primary","Female",NA,NA,"Matched","followup",NA,"T3","T_Other"
"286","brca_tcga_pub","TCGA-AO-A1KP-01",77,"Breast Cancer","Invasive Breast Carcinoma",2,"Stage IIA","Positive",0.1817,"Negative",NA,NA,NA,"M0","Negative",4,6,NA,"N1","Positive","BRCA",82.56,"0:LIVING",NA,"Positive",NA,1,"Primary","Female",NA,NA,"Matched","followup",NA,"T1","T1"
"287","brca_tcga_pub","TCGA-AO-A1KQ-01",84,"Breast Cancer","Invasive Breast Carcinoma",4,"Stage IIIB","Positive",0.5026,"Negative",NA,NA,NA,"M0","Negative",2,4,NA,"N1","Positive","BRCA",49.91,"0:LIVING",NA,"Positive",NA,1,"Primary","Male",NA,NA,"Matched","followup",NA,"T4","T_Other"
"288","brca_tcga_pub","TCGA-AO-A1KR-01",51,"Breast Cancer","Invasive Breast Carcinoma",1,NA,"Negative",0.4509,NA,NA,NA,NA,NA,NA,5,3,NA,NA,NA,"BRCA",70.31,"0:LIVING",NA,"Negative",NA,1,"Primary","Female",NA,NA,"Matched","enrollment",NA,NA,NA
"289","brca_tcga_pub","TCGA-AO-A1KS-01",69,"Breast Cancer","Invasive Breast Carcinoma",5,"Stage IIA","Positive",0.4859,"Negative",NA,NA,NA,"M0","Negative",4,5,NA,"N0","Negative","BRCA",0.53,"0:LIVING",NA,"Positive",NA,1,"Primary","Female",NA,NA,"Matched","followup",NA,"T2","T_Other"
"290","brca_tcga_pub","TCGA-AO-A1KT-01",78,"Breast Cancer","Invasive Breast Carcinoma",2,"Stage IIA","Positive",0.3513,"Negative",NA,NA,NA,"M0","Negative",3,4,NA,"N1","Positive","BRCA",17.77,"0:LIVING",NA,"Positive",NA,1,"Primary","Female",NA,NA,"Matched","followup",NA,"T1","T1"
"291","brca_tcga_pub","TCGA-AQ-A04H-01",61,"Breast Cancer","Invasive Breast Carcinoma",5,"No_Conversion","Positive",0.4203,"Positive",NA,NA,NA,NA,NA,3,7,58,"N2","Positive","BRCA",14.42,"0:LIVING","Luminal B","Positive",NA,1,"Primary","Female",-10,-3,"Matched","followup",1.933333333,"T2","T_Other"
"292","brca_tcga_pub","TCGA-AQ-A04J-01",45,"Breast Cancer","Invasive Breast Carcinoma",1,"Stage IIA","Negative",0.3431,"Negative",NA,NA,NA,"M0","Negative",5,4,41,"N0","Negative","BRCA",16.39,"0:LIVING","Basal-like","Negative",NA,1,"Primary","Female",-13,-12,"Matched","followup",1.366666667,"T2","T_Other"
"293","brca_tcga_pub","TCGA-AQ-A04L-01",48,"Breast Cancer","Invasive Breast Carcinoma",1,"Stage IIA","Positive",0.5876,"Positive",2,2,2,"M0","Negative",3,3,37,"N0","Negative","BRCA",109.87,"0:LIVING","Luminal A","Negative","ReacI",1,"Primary","Female",-1,-5,"Matched","followup",1.233333333,"T2","T_Other"
"294","brca_tcga_pub","TCGA-AQ-A0Y5-01",70,"Breast Cancer","Invasive Breast Carcinoma",3,"Stage IIIA","Positive",0.4961,"Positive",NA,NA,NA,"M0","Negative",4,4,NA,"N2","Positive","BRCA",5.29,"1:DECEASED",NA,"Positive",NA,1,"Primary","Female",NA,NA,"Matched","followup",NA,"T2","T_Other"
"295","brca_tcga_pub","TCGA-AQ-A1H2-01",84,"Breast Cancer","Invasive Breast Carcinoma",5,"Stage IIIA","Positive",0.3295,"Positive",NA,NA,NA,"M0","Negative",2,1,NA,"N2","Positive","BRCA",6.47,"0:LIVING",NA,"Positive",NA,1,"Primary","Female",NA,NA,"Matched","enrollment",NA,"T2","T_Other"
"296","brca_tcga_pub","TCGA-AQ-A1H3-01",49,"Breast Cancer","Invasive Breast Carcinoma",2,"Stage IIIC","Positive",0.2038,"Negative",NA,NA,NA,"M0","Negative",4,6,NA,"N3","Positive","BRCA",4.53,"0:LIVING",NA,"Positive",NA,1,"Primary","Female",NA,NA,"Matched","enrollment",NA,"T2","T_Other"
"297","brca_tcga_pub","TCGA-AR-A0TP-01",43,"Breast Cancer","Invasive Breast Carcinoma",1,"No_Conversion","Positive",0.5144,"Negative",2,2,2,"M0","Negative",5,3,50,"N0","Negative","BRCA",78.59,"0:LIVING","Basal-like","Negative","Basal",1,"Primary","Female",-13,-11,"Matched","enrollment",1.666666667,"T2","T_Other"
"298","brca_tcga_pub","TCGA-AR-A0TQ-01",27,"Breast Cancer","Invasive Breast Carcinoma",3,"No_Conversion","Positive",0.1275,"Positive",1,1,4,"M0","Negative",4,4,26,"N1","Positive","BRCA",49.28,"0:LIVING","Luminal B","Negative","Her2",1,"Primary","Female",-2,-5,"Matched","enrollment",0.833333333,"T3","T_Other"
"299","brca_tcga_pub","TCGA-AR-A0TR-01",68,"Breast Cancer","Invasive Breast Carcinoma",1,"No_Conversion","Positive",0.6024,"Negative",3,3,3,"M0","Negative",2,7,27,"N1","Positive","BRCA",5.26,"1:DECEASED","Luminal A","Positive","LumA/B",1,"Primary","Female",-12,-3,"Matched","enrollment",0.9,"T2","T_Other"
"300","brca_tcga_pub","TCGA-AR-A0TS-01",46,"Breast Cancer","Invasive Breast Carcinoma",4,"No_Conversion","Negative",0.0895,"Negative",2,2,2,"M0","Negative",5,5,34,"N1","Positive","BRCA",37.39,"0:LIVING","Basal-like","Negative","Basal",1,"Primary","Female",-13,-12,"Matched","enrollment",1.133333333,"T2","T_Other"
"301","brca_tcga_pub","TCGA-AR-A0TT-01",53,"Breast Cancer","Invasive Breast Carcinoma",3,"No_Conversion","Positive",0.3875,"Negative",1,1,4,"M0","Negative",1,4,39,"N2","Positive","BRCA",55.16,"0:LIVING","Luminal B","Negative","LumA/B",1,"Primary","Female",-2,-5,"Matched","enrollment",1.333333333,"T2","T_Other"
"302","brca_tcga_pub","TCGA-AR-A0TU-01",35,"Breast Cancer","Invasive Breast Carcinoma",4,"No_Conversion","Negative",NA,"Negative",NA,NA,NA,"M0","Negative",5,NA,64,"N0","Negative","BRCA",11.83,"0:LIVING","Basal-like","Negative","Basal",1,"Primary","Female",-13,-12,"Matched","enrollment",2.166666667,"T2","T_Other"
"303","brca_tcga_pub","TCGA-AR-A0TV-01",66,"Breast Cancer","Invasive Breast Carcinoma",1,"No_Conversion","Positive",0.3859,"Negative",1,1,4,"M0","Negative",4,2,56,"N0","Negative","BRCA",29.7,"0:LIVING","Luminal B","Positive","LumA/B",1,"Primary","Female",-10,-5,"Matched","enrollment",1.866666667,"T2","T_Other"
"304","brca_tcga_pub","TCGA-AR-A0TW-01",50,"Breast Cancer","Invasive Breast Carcinoma",4,"No_Conversion","Positive",0.4849,"Negative",NA,NA,NA,"M0","Negative",4,NA,38,"N1","Positive","BRCA",24.28,"0:LIVING","Luminal A","Positive","Basal",1,"Primary","Female",-2,-5,"Matched","enrollment",1.266666667,"T3","T_Other"
"305","brca_tcga_pub","TCGA-AR-A0TX-01",64,"Breast Cancer","Invasive Breast Carcinoma",1,"No_Conversion","Positive",0.2237,"Positive",2,2,1,"M0","Negative",1,1,223,"N1","Positive","BRCA",0.49,"0:LIVING","HER2-enriched","Positive","ReacII",1,"Primary","Female",-11,-5,"Matched","enrollment",7.4,"T1","T1"
"306","brca_tcga_pub","TCGA-AR-A0TY-01",54,"Breast Cancer","Invasive Breast Carcinoma",1,"No_Conversion","Positive",0.3607,"Negative",1,1,4,"M0","Negative",4,4,53,"N0","Negative","BRCA",55.82,"1:DECEASED","Luminal B","Negative","LumA/B",1,"Primary","Female",-2,-5,"Matched","enrollment",1.766666667,"T2","T_Other"
"307","brca_tcga_pub","TCGA-AR-A0TZ-01",43,"Breast Cancer","Invasive Breast Carcinoma",5,"No_Conversion","Positive",0.8185,"Negative",4,3,4,"M0","Negative",3,2,49,"N2","Positive","BRCA",43.14,"0:LIVING","Luminal B","Positive","ReacII",1,"Primary","Female",-10,-3,"Matched","enrollment",1.633333333,"T2","T_Other"
"308","brca_tcga_pub","TCGA-AR-A0U0-01",73,"Breast Cancer","Invasive Breast Carcinoma",1,"No_Conversion","Negative",0.4875,"Negative",NA,NA,NA,"M0","Negative",1,NA,27,"N1","Positive","BRCA",0.26,"0:LIVING","Basal-like","Negative","Basal",1,"Primary","Female",-13,-12,"Matched","enrollment",0.9,"T2","T_Other"
"309","brca_tcga_pub","TCGA-AR-A0U1-01",36,"Breast Cancer","Invasive Breast Carcinoma",1,"No_Conversion","Negative",0.4237,"Negative",2,2,2,"M0","Negative",5,6,59,"N1","Positive","BRCA",6.08,"0:LIVING","Basal-like","Negative","Basal",1,"Primary","Female",-13,0,"Matched","enrollment",1.966666667,"T2","T_Other"
"310","brca_tcga_pub","TCGA-AR-A0U2-01",47,"Breast Cancer","Invasive Breast Carcinoma",5,"No_Conversion","Positive",0.6621,"Negative",NA,NA,NA,"M0","Negative",2,5,42,"N2","Positive","BRCA",83.81,"1:DECEASED","Luminal B","Positive","ReacII",1,"Primary","Female",-10,-5,"Matched","enrollment",1.4,"T2","T_Other"
"311","brca_tcga_pub","TCGA-AR-A0U3-01",59,"Breast Cancer","Invasive Breast Carcinoma",4,"No_Conversion","Positive",0.5081,"Negative",4,3,4,"M0","Negative",3,7,30,"N1","Positive","BRCA",74.35,"0:LIVING","Luminal B","Positive","LumA/B",1,"Primary","Female",0,-3,"Matched","enrollment",0.966666667,"T2","T_Other"
"312","brca_tcga_pub","TCGA-AR-A0U4-01",54,"Breast Cancer","Invasive Breast Carcinoma",1,"No_Conversion","Negative",0.4452,"Negative",2,2,2,"M0","Negative",5,5,113,"N0","Negative","BRCA",53.46,"0:LIVING","Basal-like","Negative","ReacII",1,"Primary","Female",-13,-12,"Matched","enrollment",3.766666667,"T2","T_Other"
"313","brca_tcga_pub","TCGA-AR-A1AH-01",51,"Breast Cancer","Invasive Breast Carcinoma",1,"Stage IIB","Positive",0.9025,"Negative",2,2,2,"M0","Negative",5,5,64,"N1","Positive","BRCA",75.5,"0:LIVING","Basal-like","Negative","Basal",1,"Primary","Female",-13,0,"Matched","enrollment",2.1,"T2","T_Other"
"314","brca_tcga_pub","TCGA-AR-A1AI-01",47,"Breast Cancer","Invasive Breast Carcinoma",1,"Stage IIA","Negative",0.4681,"Negative",2,2,2,"M0","Negative",5,3,52,"N0","Negative","BRCA",61.8,"0:LIVING","Basal-like","Negative","Basal",1,"Primary","Female",-13,-12,"Matched","enrollment",1.733333333,"T2","T_Other"
"315","brca_tcga_pub","TCGA-AR-A1AJ-01",83,"Breast Cancer","Invasive Breast Carcinoma",3,"Stage I","Positive",0.0657,"Negative",1,2,2,"M0","Negative",5,4,21,"N0","Negative","BRCA",52.7,"0:LIVING","Basal-like","Negative","ReacI",1,"Primary","Female",-13,-12,"Matched","enrollment",0.7,"T1","T1"
"316","brca_tcga_pub","TCGA-AR-A1AK-01",70,"Breast Cancer","Invasive Breast Carcinoma",3,"Stage I","Positive",0.2941,"Negative",1,4,3,"M0","Negative",1,4,54,"N0","Negative","BRCA",51.19,"0:LIVING","Luminal A","Positive","ReacI",1,"Primary","Female",-5,0,"Matched","enrollment",1.766666667,"T1","T1"
"317","brca_tcga_pub","TCGA-AR-A1AL-01",60,"Breast Cancer","Invasive Breast Carcinoma",2,"Stage IIIA","Positive",0.0817,"Negative",3,4,3,"M0","Negative",2,6,20,"N1","Positive","BRCA",48.79,"0:LIVING","Luminal A","Positive","ReacI",1,"Primary","Female",-4,0,"Matched","enrollment",0.666666667,"T3","T_Other"
"318","brca_tcga_pub","TCGA-AR-A1AN-01",46,"Breast Cancer","Invasive Breast Carcinoma",1,"Stage IIA","Positive",0.3367,"Negative",NA,NA,NA,"M0","Negative",5,6,19,"N0","Negative","BRCA",43.66,"0:LIVING","Luminal A","Positive",NA,1,"Primary","Female",-5,-7,"Matched","enrollment",0.633333333,"T2","T_Other"
"319","brca_tcga_pub","TCGA-AR-A1AO-01",47,"Breast Cancer","Invasive Breast Carcinoma",1,"Stage IIA","Positive",2e-04,"Negative",2,2,2,"M0","Negative",5,4,8,"N1","Positive","BRCA",43.5,"0:LIVING","Normal-like","Negative","Basal",1,"Primary","Female",-5,-8,"Matched","enrollment",0.233333333,"T1","T1"
"320","brca_tcga_pub","TCGA-AR-A1AP-01",80,"Breast Cancer","Invasive Breast Carcinoma",2,"Stage I","Positive",0.2882,"Negative",1,3,3,"M0","Negative",4,4,33,"N0","Negative","BRCA",39.92,"0:LIVING","Luminal A","Positive","LumA/B",1,"Primary","Female",0,0,"Matched","enrollment",1.1,"T1","T1"
"321","brca_tcga_pub","TCGA-AR-A1AQ-01",49,"Breast Cancer","Invasive Breast Carcinoma",1,"Stage IIA","Negative",0.4982,"Negative",2,2,2,"M0","Negative",5,3,38,"N0","Negative","BRCA",43.01,"0:LIVING","Basal-like","Negative","Basal",1,"Primary","Female",-13,-12,"Matched","enrollment",1.233333333,"T2","T_Other"
"322","brca_tcga_pub","TCGA-AR-A1AR-01",50,"Breast Cancer","Invasive Breast Carcinoma",1,"Stage IIIA","Negative",0.4696,"Negative",NA,NA,NA,"M0","Negative",5,5,42,"N2","Positive","BRCA",17.18,"1:DECEASED","Basal-like","Negative",NA,1,"Primary","Female",-13,0,"Matched","enrollment",1.4,"T1","T1"
"323","brca_tcga_pub","TCGA-AR-A1AS-01",54,"Breast Cancer","Invasive Breast Carcinoma",3,"Stage IIB","Positive",0.1378,"Negative",3,3,3,"M0","Negative",2,4,33,"N1","Positive","BRCA",40.81,"0:LIVING","Luminal A","Positive","LumA",1,"Primary","Female",-7,-3,"Matched","enrollment",1.1,"T2","T_Other"
"324","brca_tcga_pub","TCGA-AR-A1AT-01",62,"Breast Cancer","Invasive Breast Carcinoma",NA,"Stage IIA","Positive",NA,"Positive",NA,NA,NA,"M0","Negative",1,4,19,"N0","Negative","BRCA",41.79,"1:DECEASED","HER2-enriched","Positive","Her2",1,"Primary","Female",-11,-5,"Matched","enrollment",0.633333333,"T2","T_Other"
"325","brca_tcga_pub","TCGA-AR-A1AU-01",39,"Breast Cancer","Invasive Breast Carcinoma",4,"Stage IIIA","Positive",0.2156,"Negative",3,4,3,"M0","Negative",2,6,14,"N2","Positive","BRCA",46.29,"0:LIVING","Luminal A","Positive","ReacI",1,"Primary","Female",-3,-7,"Matched","enrollment",0.533333333,"T2","T_Other"
"326","brca_tcga_pub","TCGA-AR-A1AV-01",68,"Breast Cancer","Invasive Breast Carcinoma",3,"Stage IIB","Positive",0.189,"Negative",4,5,4,"M0","Negative",3,7,38,"N1","Positive","BRCA",42.55,"0:LIVING","Luminal B","Positive","LumA/B",1,"Primary","Male",-2,-5,"Matched","enrollment",1.233333333,"T2","T_Other"
"327","brca_tcga_pub","TCGA-AR-A1AW-01",65,"Breast Cancer","Invasive Breast Carcinoma",3,"Stage IIA","Positive",0.1214,"Negative",2,2,3,"M0","Negative",1,3,20,"N0","Negative","BRCA",35.22,"0:LIVING","Luminal A","Positive","ReacII",1,"Primary","Female",-12,-3,"Matched","enrollment",0.666666667,"T2","T_Other"
"328","brca_tcga_pub","TCGA-AR-A1AX-01",64,"Breast Cancer","Invasive Breast Carcinoma",4,"Stage I","Positive",0.0366,"Positive",3,1,3,"M0","Negative",5,6,11,"N0","Negative","BRCA",36.24,"0:LIVING","Luminal A","Positive","ReacII",1,"Primary","Female",0,-5,"Matched","enrollment",0.366666667,"T1","T1"
"329","brca_tcga_pub","TCGA-AR-A1AY-01",65,"Breast Cancer","Invasive Breast Carcinoma",1,"Stage I","Negative",0.5101,"Negative",2,2,2,"M0","Negative",5,5,51,"N0","Negative","BRCA",20.17,"0:LIVING","Basal-like","Negative","Basal",1,"Primary","Female",-13,-12,"Matched","enrollment",1.7,"T1","T1"
"330","brca_tcga_pub","TCGA-AR-A24H-01",65,"Breast Cancer","Invasive Breast Carcinoma",2,"Stage IIA","Positive",0.4579,"Negative",NA,NA,NA,"M0","Negative",3,NA,NA,"N0","Negative","BRCA",109.51,"0:LIVING",NA,"Positive",NA,1,"Primary","Female",NA,NA,"Matched","enrollment",NA,"T2","T_Other"
"331","brca_tcga_pub","TCGA-AR-A24K-01",46,"Breast Cancer","Invasive Breast Carcinoma",3,"Stage IIA","Positive",0.2005,"Negative",NA,NA,NA,"M0","Negative",4,NA,NA,"N0","Negative","BRCA",50.86,"0:LIVING",NA,"Positive",NA,1,"Primary","Female",NA,NA,"Matched","enrollment",NA,"T2","T_Other"
"332","brca_tcga_pub","TCGA-AR-A24L-01",26,"Breast Cancer","Invasive Breast Carcinoma",5,"Stage IIB","Positive",0.3426,"Negative",NA,NA,NA,"M0","Negative",2,4,NA,"N1","Positive","BRCA",72.97,"0:LIVING",NA,"Positive",NA,1,"Primary","Female",NA,NA,"Matched","enrollment",NA,"T2","T_Other"
"333","brca_tcga_pub","TCGA-AR-A24M-01",38,"Breast Cancer","Invasive Breast Carcinoma",3,"Stage IIIA","Positive",0.1579,"Negative",NA,NA,NA,"M0","Negative",4,7,NA,"N2","Positive","BRCA",65.38,"0:LIVING",NA,"Positive",NA,1,"Primary","Female",NA,NA,"Matched","enrollment",NA,"T2","T_Other"
"334","brca_tcga_pub","TCGA-AR-A24N-01",54,"Breast Cancer","Invasive Breast Carcinoma",2,"Stage I","Positive",0.1106,"Negative",NA,NA,NA,"M0","Negative",3,3,NA,"N0","Negative","BRCA",68.14,"0:LIVING",NA,"Positive",NA,1,"Primary","Female",NA,NA,"Matched","enrollment",NA,"T1","T1"
"335","brca_tcga_pub","TCGA-AR-A24O-01",43,"Breast Cancer","Invasive Breast Carcinoma",2,"Stage IIIA","Positive",0.0332,"Negative",NA,NA,NA,"M0","Negative",1,7,NA,"N2","Positive","BRCA",65.61,"0:LIVING",NA,"Positive",NA,1,"Primary","Female",NA,NA,"Matched","enrollment",NA,"T3","T_Other"
"336","brca_tcga_pub","TCGA-AR-A24P-01",47,"Breast Cancer","Invasive Breast Carcinoma",2,"Stage I","Positive",0.1587,"Negative",NA,NA,NA,"M0","Negative",4,2,NA,"N0","Negative","BRCA",0.85,"0:LIVING",NA,"Positive",NA,1,"Primary","Female",NA,NA,"Matched","enrollment",NA,"T1","T1"
"337","brca_tcga_pub","TCGA-AR-A24Q-01",49,"Breast Cancer","Invasive Breast Carcinoma",1,"Stage IIB","Positive",0.664,"Negative",NA,NA,NA,"M0","Negative",5,6,NA,"N0","Negative","BRCA",65.97,"0:LIVING",NA,"Negative",NA,1,"Primary","Female",NA,NA,"Matched","enrollment",NA,"T3","T_Other"
"338","brca_tcga_pub","TCGA-AR-A24R-01",45,"Breast Cancer","Invasive Breast Carcinoma",5,"Stage IIIA","Positive",0.3412,"Negative",NA,NA,NA,"M0","Negative",3,5,NA,"N2","Positive","BRCA",57.33,"0:LIVING",NA,"Positive",NA,1,"Primary","Female",NA,NA,"Matched","enrollment",NA,"T1","T1"
"339","brca_tcga_pub","TCGA-AR-A24S-01",61,"Breast Cancer","Invasive Breast Carcinoma",1,"Stage I","Positive",0.3411,"Negative",NA,NA,NA,"M0","Negative",2,4,NA,"N0","Negative","BRCA",62.03,"0:LIVING",NA,"Positive",NA,1,"Primary","Female",NA,NA,"Matched","enrollment",NA,"T1","T1"
"340","brca_tcga_pub","TCGA-AR-A24T-01",46,"Breast Cancer","Invasive Breast Carcinoma",2,"Stage IIIC","Positive",0.2168,"Negative",NA,NA,NA,"M0","Negative",4,2,NA,"N3","Positive","BRCA",53.23,"0:LIVING",NA,"Positive",NA,1,"Primary","Female",NA,NA,"Matched","enrollment",NA,"T3","T_Other"
"341","brca_tcga_pub","TCGA-AR-A24U-01",47,"Breast Cancer","Invasive Breast Carcinoma",4,"Stage IIA","Negative",0.1646,"Positive",NA,NA,NA,"M0","Negative",1,7,NA,"N1","Positive","BRCA",53.32,"0:LIVING",NA,"Negative",NA,1,"Primary","Female",NA,NA,"Matched","enrollment",NA,"T1","T1"
"342","brca_tcga_pub","TCGA-AR-A24V-01",52,"Breast Cancer","Invasive Breast Carcinoma",5,"Stage IIB","Positive",0.2671,"Negative",NA,NA,NA,"M0","Negative",4,4,NA,"N1","Positive","BRCA",54.14,"0:LIVING",NA,"Positive",NA,1,"Primary","Female",NA,NA,"Matched","enrollment",NA,"T2","T_Other"
"343","brca_tcga_pub","TCGA-AR-A24W-01",NA,"Breast Cancer","Invasive Breast Carcinoma",3,NA,NA,0.1024,NA,NA,NA,NA,NA,NA,1,6,NA,NA,NA,"BRCA",NA,NA,NA,NA,NA,1,"Primary",NA,NA,NA,"Matched",NA,NA,NA,NA
"344","brca_tcga_pub","TCGA-AR-A24X-01",52,"Breast Cancer","Invasive Breast Carcinoma",2,"Stage IIA","Positive",0.0713,"Negative",NA,NA,NA,"M0","Negative",4,2,NA,"N0","Negative","BRCA",48.13,"0:LIVING",NA,"Positive",NA,1,"Primary","Female",NA,NA,"Matched","enrollment",NA,"T2","T_Other"
"345","brca_tcga_pub","TCGA-AR-A24Z-01",57,"Breast Cancer","Invasive Breast Carcinoma",3,"Stage IIA","Positive",0.5036,"Negative",NA,NA,NA,"M0","Negative",4,NA,NA,"N0","Negative","BRCA",51.71,"0:LIVING",NA,"Positive",NA,1,"Primary","Female",NA,NA,"Matched","enrollment",NA,"T2","T_Other"
"346","brca_tcga_pub","TCGA-AR-A250-01",58,"Breast Cancer","Invasive Breast Carcinoma",3,"Stage IIA","Positive",0.3845,"Positive",NA,NA,NA,"M0","Negative",3,4,NA,"N0","Negative","BRCA",56.08,"0:LIVING",NA,"Negative",NA,1,"Primary","Female",NA,NA,"Matched","enrollment",NA,"T2","T_Other"
"347","brca_tcga_pub","TCGA-AR-A251-01",51,"Breast Cancer","Invasive Breast Carcinoma",1,"Stage IIIA","Positive",0.6718,"Negative",NA,NA,NA,"M0","Negative",5,NA,NA,"N2","Positive","BRCA",45.11,"0:LIVING",NA,"Negative",NA,1,"Primary","Female",NA,NA,"Matched","enrollment",NA,"T2","T_Other"
"348","brca_tcga_pub","TCGA-AR-A252-01",50,"Breast Cancer","Invasive Breast Carcinoma",3,"Stage I","Positive",0.0162,"Negative",NA,NA,NA,"M0","Negative",1,1,NA,"N0","Negative","BRCA",40.61,"0:LIVING",NA,"Positive",NA,1,"Primary","Female",NA,NA,"Matched","enrollment",NA,"T1","T1"
"349","brca_tcga_pub","TCGA-AR-A254-01",50,"Breast Cancer","Invasive Breast Carcinoma",3,"Stage IIIA","Positive",0.2369,"Positive",NA,NA,NA,"M0","Negative",4,NA,NA,"N2","Positive","BRCA",39.82,"0:LIVING",NA,"Positive",NA,1,"Primary","Female",NA,NA,"Matched","enrollment",NA,"T2","T_Other"
"350","brca_tcga_pub","TCGA-AR-A255-01",62,"Breast Cancer","Invasive Breast Carcinoma",5,"Stage I","Positive",0.6568,"Positive",NA,NA,NA,"M0","Negative",3,NA,NA,"N0","Negative","BRCA",34.76,"0:LIVING",NA,"Positive",NA,1,"Primary","Female",NA,NA,"Matched","enrollment",NA,"T1","T1"
"351","brca_tcga_pub","TCGA-AR-A256-01",45,"Breast Cancer","Invasive Breast Carcinoma",1,"Stage IIA","Negative",0.6832,"Negative",NA,NA,NA,"M0","Negative",5,NA,NA,"N0","Negative","BRCA",93.77,"1:DECEASED",NA,"Negative",NA,1,"Primary","Female",NA,NA,"Matched","enrollment",NA,"T2","T_Other"
"352","brca_tcga_pub","TCGA-B6-A0I2-01",45,"Breast Cancer","Invasive Breast Carcinoma",3,"Stage I","Performed but Not Available",0.8535,"Negative",2,2,2,"M0","Negative",5,3,41,"N0","Negative","BRCA",143.25,"0:LIVING","Basal-like","Performed but Not Available","ReacII",1,"Primary","Female",-13,-12,"Matched","followup",1.333333333,"T1","T1"
"353","brca_tcga_pub","TCGA-B6-A0I5-01",49,"Breast Cancer","Invasive Breast Carcinoma",2,"No_Conversion","Positive",0.2451,"Negative",NA,NA,NA,"M0","Negative",1,6,19,"N1","Positive","BRCA",149.46,"0:LIVING","Luminal A","Positive",NA,1,"Primary","Female",-5,-3,"Matched","followup",0.666666667,"T2","T_Other"
"354","brca_tcga_pub","TCGA-B6-A0I6-01",49,"Breast Cancer","Invasive Breast Carcinoma",NA,"No_Conversion","Negative",NA,NA,NA,NA,NA,"M0","Negative",5,4,62,"N1","Positive","BRCA",32.76,"1:DECEASED","Basal-like","Negative","Basal",1,"Primary","Female",-13,0,"Matched","followup",2.1,"T1","T1"
"355","brca_tcga_pub","TCGA-B6-A0I8-01",46,"Breast Cancer","Invasive Breast Carcinoma",NA,"No_Conversion","Not Performed",NA,NA,NA,NA,NA,"M0","Negative",2,4,94,"N0","Negative","BRCA",24.61,"1:DECEASED","Luminal A","Not Performed","Her2",1,"Primary","Female",0,-3,"Matched","followup",3.1,"T1","T1"
"356","brca_tcga_pub","TCGA-B6-A0I9-01",62,"Breast Cancer","Invasive Breast Carcinoma",5,"No_Conversion","Indeterminate",0.495,"Positive",1,1,1,"M1","Positive",4,4,56,"N0","Negative","BRCA",12.12,"1:DECEASED","HER2-enriched","Positive","Her2",1,"Primary","Female",-2,-5,"Matched","followup",1.866666667,"T3","T_Other"
"357","brca_tcga_pub","TCGA-B6-A0IA-01",51,"Breast Cancer","Invasive Breast Carcinoma",4,"Stage IIA","Positive",0.2386,"Negative",NA,NA,NA,"M0","Negative",2,4,15,"N0","Negative","BRCA",220.72,"0:LIVING","Luminal A","Positive",NA,1,"Primary","Female",-12,-3,"Matched","followup",0.5,"T2","T_Other"
"358","brca_tcga_pub","TCGA-B6-A0IB-01",64,"Breast Cancer","Invasive Breast Carcinoma",4,"No_Conversion","Positive",0.5461,"Negative",1,3,4,"M1","Positive",4,1,45,"N3","Positive","BRCA",129.48,"1:DECEASED","Luminal B","Positive","LumA/B",1,"Primary","Female",0,-3,"Matched","followup",1.5,"T3","T_Other"
"359","brca_tcga_pub","TCGA-B6-A0IC-01",90,"Breast Cancer","Invasive Breast Carcinoma",2,"No_Conversion","Positive",0.0787,"Negative",NA,NA,NA,NA,NA,2,2,31,"N0","Negative","BRCA",50.66,"1:DECEASED","Luminal B","Positive",NA,1,"Primary","Female",-12,-3,"Matched","followup",1,"T2","T_Other"
"360","brca_tcga_pub","TCGA-B6-A0IE-01",38,"Breast Cancer","Invasive Breast Carcinoma",3,"No_Conversion","Negative",0.349,"Negative",NA,NA,NA,"M0","Negative",1,4,26,"N1","Positive","BRCA",65.64,"1:DECEASED","Normal-like","Negative",NA,1,"Primary","Female",-2,-3,"Matched","followup",0.833333333,"TX",NA
"361","brca_tcga_pub","TCGA-B6-A0IG-01",50,"Breast Cancer","Invasive Breast Carcinoma",NA,"No_Conversion","Positive",0.3174,NA,NA,NA,NA,"M0","Negative",4,7,37,"N1","Positive","BRCA",146.4,"1:DECEASED","Luminal A","Positive","Her2",1,"Primary","Female",-2,0,"Matched","followup",1.233333333,"T2","T_Other"
"362","brca_tcga_pub","TCGA-B6-A0IH-01",81,"Breast Cancer","Invasive Breast Carcinoma",2,"Stage IIIA","Positive",0.1988,"Negative",NA,NA,NA,"M0","Negative",4,6,25,"N1","Positive","BRCA",112.3,"1:DECEASED","Luminal A","Positive",NA,1,"Primary","Female",-5,-7,"Matched","followup",0.833333333,"T3","T_Other"
"363","brca_tcga_pub","TCGA-B6-A0IJ-01",42,"Breast Cancer","Invasive Breast Carcinoma",3,"Stage IIB","Positive",0.5979,"Negative",2,2,2,"M0","Negative",5,5,112,"N0","Negative","BRCA",176.86,"0:LIVING","Basal-like","Positive","Basal",1,"Primary","Female",-13,-12,"Matched","followup",3.7,"T3","T_Other"
"364","brca_tcga_pub","TCGA-B6-A0IK-01",63,"Breast Cancer","Invasive Breast Carcinoma",5,"No_Conversion","Negative",0.3518,"Negative",1,1,1,"M0","Negative",4,4,93,"N1","Positive","BRCA",18.76,"1:DECEASED","HER2-enriched","Negative","ReacII",1,"Primary","Female",-11,-5,"Matched","followup",3.133333333,"T4","T_Other"
"365","brca_tcga_pub","TCGA-B6-A0IM-01",75,"Breast Cancer","Invasive Breast Carcinoma",4,"Stage IIB","Positive",0.2215,"Negative",NA,NA,NA,"M0","Negative",4,4,31,"N0","Negative","BRCA",126.03,"0:LIVING","Luminal B","Positive",NA,1,"Primary","Female",-10,-3,"Matched","followup",1.033333333,"T3","T_Other"
"366","brca_tcga_pub","TCGA-B6-A0IN-01",45,"Breast Cancer","Invasive Breast Carcinoma",3,"No_Conversion","Positive",0.2325,NA,NA,NA,NA,NA,NA,4,1,21,"N0","Negative","BRCA",84.54,"1:DECEASED","Luminal A","Negative",NA,1,"Primary","Female",-2,-3,"Matched","followup",0.7,"T1","T1"
"367","brca_tcga_pub","TCGA-B6-A0IO-01",66,"Breast Cancer","Invasive Breast Carcinoma",3,"Stage IIA","Positive",0.327,"Negative",3,3,3,"M0","Negative",2,1,45,"N0","Negative","BRCA",110.06,"0:LIVING","Luminal A","Indeterminate","X",1,"Primary","Female",0,-3,"Matched","followup",1.5,"T2","T_Other"
"368","brca_tcga_pub","TCGA-B6-A0IP-01",74,"Breast Cancer","Invasive Breast Carcinoma",2,"Stage I","Positive",0.0661,"Negative",NA,NA,NA,"M0","Negative",4,2,25,"N0","Negative","BRCA",110.85,"0:LIVING","Luminal A","Positive",NA,1,"Primary","Female",-5,0,"Matched","followup",0.833333333,"T1","T1"
"369","brca_tcga_pub","TCGA-B6-A0IQ-01",40,"Breast Cancer","Invasive Breast Carcinoma",1,"No_Conversion","Negative",0.5981,"Negative",2,2,2,"M0","Negative",5,5,50,"N1","Positive","BRCA",140.75,"0:LIVING","Basal-like","Negative","Basal",1,"Primary","Female",-13,-12,"Matched","followup",1.666666667,"T3","T_Other"
"370","brca_tcga_pub","TCGA-B6-A0RE-01",61,"Breast Cancer","Invasive Breast Carcinoma",1,"No_Conversion","Negative",0.5386,"Negative",NA,NA,NA,"M0","Negative",5,4,81,"N0","Negative","BRCA",211.39,"0:LIVING","Basal-like","Negative",NA,1,"Primary","Female",-13,-12,"Matched","followup",2.733333333,"TX",NA
"371","brca_tcga_pub","TCGA-B6-A0RG-01",26,"Breast Cancer","Invasive Breast Carcinoma",2,"Stage IIB","Negative",0.3585,"Negative",3,3,3,"M0","Negative",2,4,48,"N0","Negative","BRCA",68.4,"0:LIVING","Luminal A","Negative","ReacII",1,"Primary","Female",0,-3,"Matched","followup",1.633333333,"T3","T_Other"
"372","brca_tcga_pub","TCGA-B6-A0RH-01",51,"Breast Cancer","Invasive Breast Carcinoma",2,"Stage IIA","Positive",0.2783,"Positive",3,3,3,"M0","Negative",2,6,38,"N0","Negative","BRCA",188.85,"0:LIVING","HER2-enriched","Positive","ReacII",1,"Primary","Female",-1,-5,"Matched","followup",1.266666667,"T2","T_Other"
"373","brca_tcga_pub","TCGA-B6-A0RI-01",44,"Breast Cancer","Invasive Breast Carcinoma",2,"No_Conversion","Positive",0.0928,"Negative",NA,NA,NA,"M0","Negative",2,4,15,"N1","Positive","BRCA",234.09,"0:LIVING","Luminal A","Positive",NA,1,"Primary","Female",-7,-3,"Matched","followup",0.5,"T4","T_Other"
"374","brca_tcga_pub","TCGA-B6-A0RL-01",60,"Breast Cancer","Invasive Breast Carcinoma",2,"Stage IIA","Positive",0.3215,"Negative",4,3,4,"M0","Negative",3,5,45,"N0","Negative","BRCA",81.12,"1:DECEASED","Luminal B","Positive","LumA/B",1,"Primary","Female",-10,-3,"Matched","followup",1.466666667,"T2","T_Other"
"375","brca_tcga_pub","TCGA-B6-A0RM-01",57,"Breast Cancer","Invasive Breast Carcinoma",4,"No_Conversion","Positive",0.0804,"Negative",3,3,3,NA,NA,2,2,24,"N0","Negative","BRCA",77.96,"1:DECEASED","Luminal A","Positive","LumA",1,"Primary","Female",-10,-3,"Matched","followup",0.8,"TX",NA
"376","brca_tcga_pub","TCGA-B6-A0RN-01",60,"Breast Cancer","Invasive Breast Carcinoma",2,"Stage I","Negative",0.0741,"Negative",1,4,3,"M0","Negative",4,2,26,"N0","Negative","BRCA",172.85,"0:LIVING","Luminal A","Negative","ReacI",1,"Primary","Female",-5,-3,"Matched","followup",0.866666667,"T1","T1"
"377","brca_tcga_pub","TCGA-B6-A0RO-01",71,"Breast Cancer","Invasive Breast Carcinoma",3,"No_Conversion","Positive",0.4705,"Negative",3,3,3,"M0","Negative",2,1,36,"N1","Positive","BRCA",161.91,"0:LIVING","Luminal A","Positive","ReacI",1,"Primary","Female",0,-3,"Matched","followup",1.2,"T4","T_Other"
"378","brca_tcga_pub","TCGA-B6-A0RP-01",73,"Breast Cancer","Invasive Breast Carcinoma",4,"No_Conversion","Positive",0.4882,"Negative",3,3,3,"M0","Negative",2,4,26,"N1","Positive","BRCA",102.7,"1:DECEASED","Luminal A","Positive","LumA",1,"Primary","Female",-12,-4,"Matched","followup",0.9,"T2","T_Other"
"379","brca_tcga_pub","TCGA-B6-A0RQ-01",68,"Breast Cancer","Invasive Breast Carcinoma",1,"Stage IIB","Positive",0.0134,"Negative",3,4,3,"M0","Negative",1,6,13,"N0","Negative","BRCA",140.39,"1:DECEASED","Luminal A","Positive","ReacI",1,"Primary","Female",-5,-7,"Matched","followup",0.433333333,"T3","T_Other"
"380","brca_tcga_pub","TCGA-B6-A0RS-01",38,"Breast Cancer","Invasive Breast Carcinoma",1,"Stage IIA","Negative",0.4276,"Negative",NA,NA,NA,"M0","Negative",5,4,92,"N0","Negative","BRCA",100.6,"1:DECEASED","HER2-enriched","Negative",NA,1,"Primary","Female",0,0,"Matched","followup",3.166666667,"T2","T_Other"
"381","brca_tcga_pub","TCGA-B6-A0RT-01",39,"Breast Cancer","Invasive Breast Carcinoma",1,"No_Conversion","Negative",0.0237,"Negative",2,2,2,"M0","Negative",5,3,14,"N1","Positive","BRCA",89.4,"0:LIVING","Basal-like","Negative","ReacII",1,"Primary","Female",-13,-12,"Matched","followup",0.466666667,"T3","T_Other"
"382","brca_tcga_pub","TCGA-B6-A0RU-01",49,"Breast Cancer","Invasive Breast Carcinoma",1,"Stage I","Negative",0.3834,"Negative",2,2,2,"M0","Negative",5,6,36,"N0","Negative","BRCA",131.12,"0:LIVING","Basal-like","Negative","Basal",1,"Primary","Female",-13,-11,"Matched","followup",1.2,"T1","T1"
"383","brca_tcga_pub","TCGA-B6-A0RV-01",42,"Breast Cancer","Invasive Breast Carcinoma",4,"No_Conversion","Positive",0.1644,"Negative",3,4,3,"M0","Negative",1,6,31,"N2","Positive","BRCA",157.31,"0:LIVING","Luminal A","Positive","ReacII",1,"Primary","Female",-5,0,"Matched","followup",1.066666667,"T3","T_Other"
"384","brca_tcga_pub","TCGA-B6-A0WS-01",58,"Breast Cancer","Invasive Breast Carcinoma",4,"Stage I","Positive",0.2277,"Negative",NA,NA,NA,"M0","Negative",1,7,23,"N0","Negative","BRCA",97.41,"1:DECEASED","Luminal A","Positive",NA,1,"Primary","Female",0,-4,"Matched","followup",0.733333333,"T1","T1"
"385","brca_tcga_pub","TCGA-B6-A0WT-01",61,"Breast Cancer","Invasive Breast Carcinoma",3,"No_Conversion","Positive",0.152,"Negative",NA,NA,NA,"M0","Negative",2,4,22,"N1","Positive","BRCA",188.55,"0:LIVING","Luminal A","Positive",NA,1,"Primary","Female",-2,-4,"Matched","followup",0.8,"T2","T_Other"
"386","brca_tcga_pub","TCGA-B6-A0WV-01",67,"Breast Cancer","Invasive Breast Carcinoma",5,"No_Conversion","Positive",0.4345,"Negative",NA,NA,NA,"M0","Negative",4,4,28,"N1","Positive","BRCA",79.57,"1:DECEASED","Luminal B","Positive",NA,1,"Primary","Female",0,-3,"Matched","followup",0.933333333,"T2","T_Other"
"387","brca_tcga_pub","TCGA-B6-A0WW-01",58,"Breast Cancer","Invasive Breast Carcinoma",4,"No_Conversion","Positive",0.3127,"Negative",NA,NA,NA,NA,NA,4,2,31,"N1","Positive","BRCA",18.3,"1:DECEASED","Luminal B","Positive",NA,1,"Primary","Female",0,-3,"Matched","followup",1.033333333,"T2","T_Other"
"388","brca_tcga_pub","TCGA-B6-A0WX-01",40,"Breast Cancer","Invasive Breast Carcinoma",1,"No_Conversion","Negative",0.4622,"Negative",2,2,2,"M0","Negative",5,4,28,"N1","Positive","BRCA",21.45,"1:DECEASED","Basal-like","Negative","X",1,"Primary","Female",-13,0,"Matched","followup",0.9,"T3","T_Other"
"389","brca_tcga_pub","TCGA-B6-A0WY-01",40,"Breast Cancer","Invasive Breast Carcinoma",4,"No_Conversion","Positive",0.0836,"Negative",NA,NA,NA,"M0","Negative",1,4,30,"N1","Positive","BRCA",113.68,"1:DECEASED","Luminal A","Negative",NA,1,"Primary","Female",-5,-3,"Matched","followup",1.033333333,"T3","T_Other"
"390","brca_tcga_pub","TCGA-B6-A0WZ-01",50,"Breast Cancer","Invasive Breast Carcinoma",2,"No_Conversion","Positive",0.2496,"Negative",NA,NA,NA,"M0","Negative",4,4,33,"N1","Positive","BRCA",129.48,"0:LIVING","Luminal A","Positive",NA,1,"Primary","Female",-12,-3,"Matched","followup",1.1,"T2","T_Other"
"391","brca_tcga_pub","TCGA-B6-A0X0-01",54,"Breast Cancer","Invasive Breast Carcinoma",2,"Stage I","Positive",0.1143,"Negative",3,3,3,"M0","Negative",2,7,20,"N0","Negative","BRCA",129.61,"1:DECEASED","Luminal A","Positive","LumA",1,"Primary","Female",-5,-3,"Matched","followup",0.666666667,"T1","T1"
"392","brca_tcga_pub","TCGA-B6-A0X1-01",48,"Breast Cancer","Invasive Breast Carcinoma",3,"No_Conversion","Negative",0.8331,NA,NA,NA,NA,"M1","Positive",5,NA,62,"N2","Positive","BRCA",186.32,"0:LIVING","Basal-like","Negative","Basal",1,"Primary","Female",-13,-12,"Matched","followup",2,"T2","T_Other"
"393","brca_tcga_pub","TCGA-B6-A0X4-01",62,"Breast Cancer","Invasive Breast Carcinoma",3,"No_Conversion","Positive",0.0305,"Negative",NA,NA,NA,"M0","Negative",2,1,22,"N1","Positive","BRCA",28.22,"1:DECEASED","Luminal A","Positive",NA,1,"Primary","Female",-12,-3,"Matched","followup",0.733333333,"T2","T_Other"
"394","brca_tcga_pub","TCGA-B6-A0X5-01",61,"Breast Cancer","Invasive Breast Carcinoma",4,"No_Conversion","Positive",0.0827,"Negative",NA,NA,NA,"M0","Negative",4,1,41,"N1","Positive","BRCA",68.9,"1:DECEASED","Luminal B","Positive",NA,1,"Primary","Female",0,-3,"Matched","followup",1.333333333,"T2","T_Other"
"395","brca_tcga_pub","TCGA-B6-A0X7-01",62,"Breast Cancer","Invasive Breast Carcinoma",2,"No_Conversion","Positive",0.1698,"Negative",NA,NA,NA,NA,NA,2,3,13,"N0","Negative","BRCA",58.84,"1:DECEASED","Luminal A","Positive",NA,1,"Primary","Female",-5,-3,"Matched","enrollment",0.4,"T1","T1"
"396","brca_tcga_pub","TCGA-B6-A1KC-01",67,"Breast Cancer","Invasive Breast Carcinoma",4,"Stage IIB","Positive",0.5293,NA,NA,NA,NA,"M0","Negative",3,5,NA,"N1","Positive","BRCA",43.57,"0:LIVING",NA,"Negative",NA,1,"Primary","Female",NA,NA,"Matched","followup",NA,"T2","T_Other"
"397","brca_tcga_pub","TCGA-B6-A1KF-01",68,"Breast Cancer","Invasive Breast Carcinoma",1,"Stage IIB","Negative",0.5575,"Positive",NA,NA,NA,"M0","Negative",4,5,NA,"N1","Positive","BRCA",101.46,"0:LIVING",NA,"Negative",NA,1,"Primary","Female",NA,NA,"Matched","followup",NA,"T2","T_Other"
"398","brca_tcga_pub","TCGA-B6-A1KI-01",63,"Breast Cancer","Invasive Breast Carcinoma",2,"Stage I","Positive",0.1086,"Negative",NA,NA,NA,"M0","Negative",1,2,NA,"N0","Negative","BRCA",73.46,"0:LIVING",NA,"Positive",NA,1,"Primary","Female",NA,NA,"Matched","followup",NA,"T1","T1"
"399","brca_tcga_pub","TCGA-B6-A1KN-01",57,"Breast Cancer","Invasive Breast Carcinoma",5,"Stage IIIC","Negative",0.2858,"Positive",NA,NA,NA,"M0","Negative",3,6,NA,"N1","Positive","BRCA",139.08,"0:LIVING",NA,"Negative",NA,1,"Primary","Female",NA,NA,"Matched","followup",NA,"T4","T_Other"
"400","brca_tcga_pub","TCGA-BH-A0AU-01",45,"Breast Cancer","Invasive Breast Carcinoma",1,"Stage IIA","Positive",0.4255,"Negative",3,4,3,"M0","Negative",2,6,22,"N0","Negative","BRCA",24.51,"0:LIVING","Luminal B","Positive","ReacI",1,"Primary","Female",-3,-3,"Matched","enrollment",0.733333333,"T2","T_Other"
"401","brca_tcga_pub","TCGA-BH-A0AV-01",52,"Breast Cancer","Invasive Breast Carcinoma",1,"Stage I","Negative",0.6161,"Negative",2,2,2,"M0","Negative",5,4,48,"N0","Negative","BRCA",38.77,"0:LIVING","Basal-like","Negative","ReacII",1,"Primary","Female",-13,0,"Matched","enrollment",1.666666667,"T1","T1"
"402","brca_tcga_pub","TCGA-BH-A0AW-01",56,"Breast Cancer","Invasive Breast Carcinoma",3,"No_Conversion","Positive",0.2907,"Positive",NA,NA,NA,"M0","Negative",1,5,109,"N1","Positive","BRCA",20.44,"0:LIVING","HER2-enriched","Negative",NA,1,"Primary","Female",-11,-5,"Matched","followup",3.633333333,"T1","T1"
"403","brca_tcga_pub","TCGA-BH-A0AY-01",62,"Breast Cancer","Invasive Breast Carcinoma",3,"Stage IIA","Positive",0.2207,"Negative",1,4,3,"M0","Negative",1,4,35,"N0","Negative","BRCA",25.53,"0:LIVING","Luminal B","Positive","ReacI",1,"Primary","Female",-1,-3,"Matched","followup",1.333333333,"T2","T_Other"
"404","brca_tcga_pub","TCGA-BH-A0AZ-01",47,"Breast Cancer","Invasive Breast Carcinoma",2,"Stage IIIA","Positive",0.2853,"Negative",3,4,3,"M0","Negative",2,4,49,"N1","Positive","BRCA",28.49,"0:LIVING","Luminal A","Positive","ReacI",1,"Primary","Female",-5,-7,"Matched","enrollment",1.666666667,"T3","T_Other"
"405","brca_tcga_pub","TCGA-BH-A0B0-01",56,"Breast Cancer","Invasive Breast Carcinoma",2,"Stage I","Positive",0.2342,"Negative",3,4,3,"M0","Negative",1,6,38,"N0","Negative","BRCA",46.88,"0:LIVING","Luminal A","Positive","ReacI",1,"Primary","Female",-5,-7,"Matched","enrollment",1.266666667,"T1","T1"
"406","brca_tcga_pub","TCGA-BH-A0B1-01",66,"Breast Cancer","Invasive Breast Carcinoma",NA,"No_Conversion","Positive",NA,"Negative",NA,NA,NA,"M0","Negative",NA,6,36,"N1","Positive","BRCA",37.72,"0:LIVING","Luminal A","Positive","LumA/B",1,"Primary","Female",-3,-3,"Matched","followup",1.2,"T2","T_Other"
"407","brca_tcga_pub","TCGA-BH-A0B2-01",43,"Breast Cancer","Invasive Breast Carcinoma",NA,"Stage I","Positive",NA,"Negative",NA,NA,NA,"M0","Negative",NA,NA,NA,"N0","Negative","BRCA",40.81,"0:LIVING",NA,"Positive",NA,1,"Primary","Female",NA,NA,"Matched","enrollment",NA,"T1","T1"
"408","brca_tcga_pub","TCGA-BH-A0B3-01",53,"Breast Cancer","Invasive Breast Carcinoma",1,"No_Conversion","Negative",0.2146,"Negative",2,2,2,"M0","Negative",5,4,29,"N1","Positive","BRCA",39.52,"0:LIVING","Basal-like","Negative","Basal",1,"Primary","Female",-13,-12,"Matched","followup",1.066666667,"T2","T_Other"
"409","brca_tcga_pub","TCGA-BH-A0B4-01",65,"Breast Cancer","Invasive Breast Carcinoma",5,"No_Conversion","Positive",0.3681,"Positive",1,3,3,"M0","Negative",4,6,54,"N2","Positive","BRCA",39.13,"0:LIVING","Luminal A","Positive","ReacII",1,"Primary","Male",-3,-3,"Matched","followup",1.833333333,"T2","T_Other"
"410","brca_tcga_pub","TCGA-BH-A0B5-01",40,"Breast Cancer","Invasive Breast Carcinoma",2,"Stage IIIA","Positive",0.2328,"Negative",1,3,4,"M0","Negative",4,7,58,"N2","Positive","BRCA",48.33,"0:LIVING","Luminal B","Positive","ReacII",1,"Primary","Female",-7,-3,"Matched","enrollment",1.933333333,"T2","T_Other"
"411","brca_tcga_pub","TCGA-BH-A0B7-01",42,"Breast Cancer","Invasive Breast Carcinoma",3,"Stage IIB","Positive",0.1253,"Positive",2,2,1,"M0","Negative",5,3,15,"N1","Positive","BRCA",56.94,"0:LIVING","HER2-enriched","Positive","Her2",1,"Primary","Female",-11,-8,"Matched","enrollment",0.533333333,"T2","T_Other"
"412","brca_tcga_pub","TCGA-BH-A0B8-01",64,"Breast Cancer","Invasive Breast Carcinoma",NA,"Stage I","Positive",NA,"Negative",NA,NA,NA,"M0","Negative",3,7,26,"N0","Negative","BRCA",51.55,"0:LIVING","Luminal A","Positive",NA,1,"Primary","Female",-10,-3,"Matched","followup",0.966666667,"T1","T1"
"413","brca_tcga_pub","TCGA-BH-A0B9-01",44,"Breast Cancer","Invasive Breast Carcinoma",1,"Stage I","Negative",0.307,"Negative",2,2,2,"M0","Negative",5,5,33,"N0","Negative","BRCA",51.65,"0:LIVING","Basal-like","Negative","Basal",1,"Primary","Female",-13,-12,"Matched","followup",1.1,"T1","T1"
"414","brca_tcga_pub","TCGA-BH-A0BA-01",51,"Breast Cancer","Invasive Breast Carcinoma",3,"No_Conversion","Positive",0.8633,"Negative",1,4,3,"M0","Negative",4,6,26,"N3","Positive","BRCA",37.19,"0:LIVING","Luminal A","Positive","ReacI",1,"Primary","Female",-5,0,"Matched","followup",0.966666667,"T3","T_Other"
"415","brca_tcga_pub","TCGA-BH-A0BC-01",60,"Breast Cancer","Invasive Breast Carcinoma",2,"No_Conversion","Positive",0.1967,"Negative",3,4,3,"M0","Negative",2,4,24,"N3","Positive","BRCA",32,"0:LIVING","Luminal A","Positive","ReacI",1,"Primary","Female",-4,-4,"Matched","followup",1.033333333,"T2","T_Other"
"416","brca_tcga_pub","TCGA-BH-A0BD-01",47,"Breast Cancer","Invasive Breast Carcinoma",4,"No_Conversion","Positive",0.1794,"Negative",NA,NA,NA,"M0","Negative",4,4,17,"N1","Positive","BRCA",18.2,"0:LIVING","Luminal B","Positive",NA,1,"Primary","Female",0,0,"Matched","followup",0.6,"T1","T1"
"417","brca_tcga_pub","TCGA-BH-A0BF-01",56,"Breast Cancer","Invasive Breast Carcinoma",2,"Stage IIB","Positive",0.2904,"Negative",3,1,4,"M0","Negative",1,4,23,"N1","Positive","BRCA",25.66,"0:LIVING","Luminal B","Positive","Basal",1,"Primary","Female",-2,-5,"Matched","enrollment",0.766666667,"T2","T_Other"
"418","brca_tcga_pub","TCGA-BH-A0BG-01",73,"Breast Cancer","Invasive Breast Carcinoma",1,"Stage I","Negative",0.4262,"Negative",NA,NA,NA,"M0","Negative",5,4,37,"N0","Negative","BRCA",24.84,"0:LIVING","Basal-like","Negative",NA,1,"Primary","Female",-13,-12,"Matched","enrollment",1.266666667,"T1","T1"
"419","brca_tcga_pub","TCGA-BH-A0BJ-01",41,"Breast Cancer","Invasive Breast Carcinoma",3,"No_Conversion","Positive",0.4003,"Negative",3,4,3,"M0","Negative",2,7,13,"N1","Positive","BRCA",21.68,"0:LIVING","Luminal A","Positive","ReacI",1,"Primary","Female",-5,-7,"Matched","followup",0.5,"T2","T_Other"
"420","brca_tcga_pub","TCGA-BH-A0BL-01",35,"Breast Cancer","Invasive Breast Carcinoma",3,"Stage I","Negative",0.3435,"Negative",NA,NA,NA,"M0","Negative",5,4,43,"N0","Negative","BRCA",43.99,"0:LIVING","Basal-like","Negative",NA,1,"Primary","Female",-13,-12,"Matched","enrollment",1.766666667,"T1","T1"
"421","brca_tcga_pub","TCGA-BH-A0BM-01",54,"Breast Cancer","Invasive Breast Carcinoma",2,"No_Conversion","Positive",0.0936,"Negative",3,4,3,"M0","Negative",2,6,19,"N1","Positive","BRCA",36.7,"0:LIVING","Luminal A","Negative","ReacI",1,"Primary","Female",-5,-7,"Matched","enrollment",0.766666667,"T2","T_Other"
"422","brca_tcga_pub","TCGA-BH-A0BO-01",54,"Breast Cancer","Invasive Breast Carcinoma",1,"Stage I","Positive",0.018,"Negative",3,4,3,"M0","Negative",1,6,22,"N0","Negative","BRCA",35.65,"0:LIVING","Luminal A","Positive","ReacI",1,"Primary","Female",-5,-7,"Matched","enrollment",0.8,"T1","T1"
"423","brca_tcga_pub","TCGA-BH-A0BP-01",76,"Breast Cancer","Invasive Breast Carcinoma",2,"Stage I","Positive",0.6741,"Negative",1,4,3,"M0","Negative",4,4,110,"N0","Negative","BRCA",48.66,"0:LIVING","Luminal A","Positive","ReacI",1,"Primary","Female",-5,-7,"Matched","enrollment",3.666666667,"T1","T1"
"424","brca_tcga_pub","TCGA-BH-A0BQ-01",39,"Breast Cancer","Invasive Breast Carcinoma",2,"Stage I","Positive",0.1009,"Negative",3,4,3,"M0","Negative",1,6,16,"N0","Negative","BRCA",27.14,"0:LIVING","Luminal A","Positive","Her2",1,"Primary","Female",-5,-7,"Matched","enrollment",0.666666667,"T1","T1"
"425","brca_tcga_pub","TCGA-BH-A0BR-01",59,"Breast Cancer","Invasive Breast Carcinoma",1,"Stage I","Positive",0.4653,"Negative",1,3,3,"M0","Negative",4,4,46,"N0","Negative","BRCA",53.62,"0:LIVING","Luminal A","Positive","ReacI",1,"Primary","Female",-4,-3,"Matched","enrollment",1.533333333,"T1","T1"
"426","brca_tcga_pub","TCGA-BH-A0BS-01",55,"Breast Cancer","Invasive Breast Carcinoma",2,"Stage IIIA","Positive",0.0493,"Negative",3,3,3,"M0","Negative",2,7,18,"N1","Positive","BRCA",53.88,"0:LIVING","Luminal A","Positive","LumA/B",1,"Primary","Female",0,-2,"Matched","enrollment",0.6,"T3","T_Other"
"427","brca_tcga_pub","TCGA-BH-A0BT-01",56,"Breast Cancer","Invasive Breast Carcinoma",4,"Stage IIA","Positive",0.3749,"Negative",3,3,3,"M0","Negative",2,6,29,"N1","Positive","BRCA",45.54,"0:LIVING","Luminal A","Positive","ReacII",1,"Primary","Female",-12,-3,"Matched","enrollment",0.966666667,"T1","T1"
"428","brca_tcga_pub","TCGA-BH-A0BV-01",78,"Breast Cancer","Invasive Breast Carcinoma",5,"No_Conversion","Positive",0.1734,"Negative",1,3,3,"M0","Negative",4,7,22,"N1","Positive","BRCA",49.91,"0:LIVING","Luminal A","Positive","LumA/B",1,"Primary","Female",0,-4,"Matched","followup",0.766666667,"T2","T_Other"
"429","brca_tcga_pub","TCGA-BH-A0BW-01",71,"Breast Cancer","Invasive Breast Carcinoma",1,"Stage I","Negative",0.3953,"Negative",2,2,2,"M0","Negative",5,3,79,"N0","Negative","BRCA",11.66,"0:LIVING","Basal-like","Negative","Basal",1,"Primary","Female",-13,-12,"Matched","enrollment",3.133333333,"T1","T1"
"430","brca_tcga_pub","TCGA-BH-A0BZ-01",59,"Breast Cancer","Invasive Breast Carcinoma",4,"Stage IIIA","Positive",0.15,"Negative",1,1,4,"M0","Negative",4,6,185,"N1","Positive","BRCA",49.02,"0:LIVING","Luminal B","Positive","X",1,"Primary","Female",-2,-5,"Matched","enrollment",6.133333333,"T3","T_Other"
"431","brca_tcga_pub","TCGA-BH-A0C0-01",62,"Breast Cancer","Invasive Breast Carcinoma",3,"No_Conversion","Positive",0.3023,"Positive",1,1,4,"M0","Negative",4,4,65,"N1","Positive","BRCA",41.73,"0:LIVING","Luminal B","Positive","Basal",1,"Primary","Female",-2,-5,"Matched","followup",2.266666667,"T1","T1"
"432","brca_tcga_pub","TCGA-BH-A0C1-01",61,"Breast Cancer","Invasive Breast Carcinoma",2,"Stage IIIA","Positive",0.1678,"Negative",1,3,3,"M0","Negative",4,5,26,"N2","Positive","BRCA",43.96,"0:LIVING","Luminal A","Positive","ReacII",1,"Primary","Female",-1,-1,"Matched","enrollment",0.866666667,"T3","T_Other"
"433","brca_tcga_pub","TCGA-BH-A0C3-01",47,"Breast Cancer","Invasive Breast Carcinoma",3,"Stage I","Positive",0.1667,"Negative",3,3,4,"M0","Negative",2,6,16,"N0","Negative","BRCA",48.1,"0:LIVING","Luminal B","Negative","Her2",1,"Primary","Female",-4,0,"Matched","enrollment",0.533333333,"T1","T1"
"434","brca_tcga_pub","TCGA-BH-A0C7-01",48,"Breast Cancer","Invasive Breast Carcinoma",5,"Stage IIB","Positive",0.3045,"Positive",1,3,4,"M0","Negative",4,4,34,"N1","Positive","BRCA",42.88,"0:LIVING","Luminal B","Negative","LumA/B",1,"Primary","Female",0,-3,"Matched","enrollment",1.133333333,"T2","T_Other"
"435","brca_tcga_pub","TCGA-BH-A0DD-01",58,"Breast Cancer","Invasive Breast Carcinoma",3,"Stage IIB","Positive",0.3503,"Positive",1,3,4,"M0","Negative",4,4,30,"N1","Positive","BRCA",45.77,"0:LIVING","Luminal B","Positive","LumA/B",1,"Primary","Male",-6,-3,"Matched","enrollment",1,"T2","T_Other"
"436","brca_tcga_pub","TCGA-BH-A0DE-01",62,"Breast Cancer","Invasive Breast Carcinoma",5,"Stage IIA","Positive",0.1869,"Negative",NA,NA,NA,"M0","Negative",4,6,24,"N0","Negative","BRCA",31.15,"0:LIVING","Luminal A","Positive",NA,1,"Primary","Female",-5,-7,"Matched","enrollment",0.866666667,"T2","T_Other"
"437","brca_tcga_pub","TCGA-BH-A0DG-01",30,"Breast Cancer","Invasive Breast Carcinoma",3,"Stage IIA","Positive",0.1591,"Negative",1,4,3,"M0","Negative",1,4,32,"N0","Negative","BRCA",23.43,"0:LIVING","Luminal A","Negative","ReacI",1,"Primary","Female",-4,-4,"Matched","enrollment",1.033333333,"T2","T_Other"
"438","brca_tcga_pub","TCGA-BH-A0DH-01",63,"Breast Cancer","Invasive Breast Carcinoma",2,"No_Conversion","Positive",0.2305,"Negative",5,3,3,"M0","Negative",3,1,27,"N1","Positive","BRCA",37.98,"0:LIVING","Luminal A","Positive","X",1,"Primary","Female",0,-3,"Matched","followup",0.9,"T2","T_Other"
"439","brca_tcga_pub","TCGA-BH-A0DI-01",63,"Breast Cancer","Invasive Breast Carcinoma",5,"Stage IIB","Positive",0.2622,"Negative",1,4,3,"M0","Negative",1,4,26,"N1","Positive","BRCA",22.11,"0:LIVING","Luminal A","Positive","ReacI",1,"Primary","Female",-5,-7,"Matched","enrollment",0.866666667,"T2","T_Other"
"440","brca_tcga_pub","TCGA-BH-A0DK-01",49,"Breast Cancer","Invasive Breast Carcinoma",2,"Stage IIA","Positive",0.2171,"Negative",4,3,3,"M0","Negative",3,2,70,"N0","Negative","BRCA",13.9,"0:LIVING","Luminal A","Positive","LumA/B",1,"Primary","Female",-4,-4,"Matched","followup",2.666666667,"T2","T_Other"
"441","brca_tcga_pub","TCGA-BH-A0DL-01",64,"Breast Cancer","Invasive Breast Carcinoma",3,"Stage IIA","Positive",0.2605,"Negative",2,2,2,"M0","Negative",5,4,39,"N0","Negative","BRCA",48.2,"0:LIVING","Basal-like","Negative","Basal",1,"Primary","Female",-13,0,"Matched","enrollment",1.366666667,"T2","T_Other"
"442","brca_tcga_pub","TCGA-BH-A0DO-01",78,"Breast Cancer","Invasive Breast Carcinoma",2,"Stage I","Positive",0.1608,"Negative",NA,NA,NA,"M0","Negative",1,6,16,"N0","Negative","BRCA",17.25,"0:LIVING","Luminal A","Positive",NA,1,"Primary","Female",-5,-7,"Matched","enrollment",0.533333333,"T1","T1"
"443","brca_tcga_pub","TCGA-BH-A0DP-01",60,"Breast Cancer","Invasive Breast Carcinoma",2,"Stage IIB","Positive",0.2568,"Negative",1,4,3,"M0","Negative",4,2,22,"N0","Negative","BRCA",15.64,"0:LIVING","Luminal A","Positive","ReacI",1,"Primary","Female",-5,-7,"Matched","followup",0.8,"T3","T_Other"
"444","brca_tcga_pub","TCGA-BH-A0DQ-01",42,"Breast Cancer","Invasive Breast Carcinoma",5,"No_Conversion","Positive",0.2833,"Negative",NA,NA,NA,"M0","Negative",2,6,31,"N1","Positive","BRCA",3.22,"0:LIVING","Luminal A","Positive",NA,1,"Primary","Female",-5,0,"Matched","followup",1.1,"T2","T_Other"
"445","brca_tcga_pub","TCGA-BH-A0DS-01",71,"Breast Cancer","Invasive Breast Carcinoma",3,"No_Conversion","Positive",0.3395,"Negative",4,5,3,"M0","Negative",3,6,28,"N2","Positive","BRCA",2.53,"0:LIVING","Luminal A","Positive","LumA",1,"Primary","Female",-5,-7,"Matched","followup",0.9,"T2","T_Other"
"446","brca_tcga_pub","TCGA-BH-A0DT-01",41,"Breast Cancer","Invasive Breast Carcinoma",2,"Stage IIA","Positive",0.1927,"Negative",3,4,3,"M0","Negative",1,6,12,"N1","Positive","BRCA",38.44,"0:LIVING","Luminal A","Positive","LumA",1,"Primary","Female",-5,-7,"Matched","enrollment",0.366666667,"T1","T1"
"447","brca_tcga_pub","TCGA-BH-A0DV-01",54,"Breast Cancer","Invasive Breast Carcinoma",3,"Stage IIIA","Positive",0.0082,"Negative",NA,NA,NA,"M0","Negative",1,6,4,"N2","Positive","BRCA",45.14,"0:LIVING",NA,"Positive","ReacII",1,"Primary","Female",NA,NA,"Matched","enrollment",0.133333333,"T2","T_Other"
"448","brca_tcga_pub","TCGA-BH-A0DX-01",62,"Breast Cancer","Invasive Breast Carcinoma",1,"Stage I","Positive",0.1997,"Negative",NA,NA,NA,"M0","Negative",1,6,53,"N0","Negative","BRCA",47.38,"0:LIVING","Luminal A","Positive",NA,1,"Primary","Female",-4,-7,"Matched","enrollment",1.766666667,"T1","T1"
"449","brca_tcga_pub","TCGA-BH-A0DZ-01",43,"Breast Cancer","Invasive Breast Carcinoma",5,"No_Conversion","Positive",0.213,"Positive",NA,NA,NA,"M0","Negative",4,4,179,"N1","Positive","BRCA",16.26,"0:LIVING","HER2-enriched","Positive",NA,1,"Primary","Female",-2,-3,"Matched","followup",6.266666667,"T2","T_Other"
"450","brca_tcga_pub","TCGA-BH-A0E0-01",38,"Breast Cancer","Invasive Breast Carcinoma",1,"No_Conversion","Negative",0.6731,"Negative",2,2,2,"M0","Negative",5,5,28,"N3","Positive","BRCA",4.37,"0:LIVING","Basal-like","Negative","Basal",1,"Primary","Female",-13,0,"Matched","followup",1.066666667,"T3","T_Other"
"451","brca_tcga_pub","TCGA-BH-A0E1-01",52,"Breast Cancer","Invasive Breast Carcinoma",2,"No_Conversion","Positive",0.0595,"Negative",3,3,3,"M0","Negative",2,6,27,"N1","Positive","BRCA",15.67,"0:LIVING","Luminal A","Positive","ReacII",1,"Primary","Female",-12,-3,"Matched","followup",0.966666667,"T2","T_Other"
"452","brca_tcga_pub","TCGA-BH-A0E2-01",49,"Breast Cancer","Invasive Breast Carcinoma",2,"No_Conversion","Positive",0.2837,"Negative",NA,NA,NA,"M0","Negative",4,NA,27,"N2","Positive","BRCA",14.29,"0:LIVING","Luminal A","Positive","LumA/B",1,"Primary","Female",-8,-3,"Matched","followup",0.9,"T2","T_Other"
"453","brca_tcga_pub","TCGA-BH-A0E6-01",69,"Breast Cancer","Invasive Breast Carcinoma",1,"Stage I","Negative",0.617,"Negative",1,4,3,"M0","Negative",1,4,37,"N0","Negative","BRCA",9.59,"0:LIVING","Basal-like","Negative","ReacI",1,"Primary","Female",-13,0,"Matched","followup",1.266666667,"T1","T1"
"454","brca_tcga_pub","TCGA-BH-A0E7-01",79,"Breast Cancer","Invasive Breast Carcinoma",4,"No_Conversion","Positive",0.079,"Negative",3,3,3,"M0","Negative",2,2,35,"N1","Positive","BRCA",44.75,"0:LIVING","Luminal A","Positive","LumA",1,"Primary","Female",-12,-3,"Matched","followup",1.133333333,"T2","T_Other"
"455","brca_tcga_pub","TCGA-BH-A0E9-01",53,"Breast Cancer","Invasive Breast Carcinoma",3,"Stage IIB","Positive",0.2195,"Negative",3,4,3,"M0","Negative",1,6,11,"N1","Positive","BRCA",46.16,"0:LIVING","Luminal A","Positive","ReacI",1,"Primary","Female",-5,-7,"Matched","enrollment",0.366666667,"T2","T_Other"
"456","brca_tcga_pub","TCGA-BH-A0EA-01",72,"Breast Cancer","Invasive Breast Carcinoma",2,"Stage IIA","Positive",0.0603,"Negative",3,4,3,"M0","Negative",1,6,22,"N1","Positive","BRCA",32.62,"1:DECEASED","Luminal A","Positive","ReacI",1,"Primary","Female",-5,-7,"Matched","enrollment",0.733333333,"T1","T1"
"457","brca_tcga_pub","TCGA-BH-A0EB-01",69,"Breast Cancer","Invasive Breast Carcinoma",2,"Stage I","Positive",0.1316,"Negative",NA,NA,NA,"M0","Negative",1,NA,35,"N0","Negative","BRCA",24.48,"0:LIVING","Luminal A","Positive","LumA",1,"Primary","Female",-12,-4,"Matched","followup",1.166666667,"T1","T1"
"458","brca_tcga_pub","TCGA-BH-A0EE-01",68,"Breast Cancer","Invasive Breast Carcinoma",5,"Stage IIB","Negative",0.4417,"Positive",2,3,1,"M0","Negative",1,7,67,"N0","Negative","BRCA",30.98,"0:LIVING","HER2-enriched","Negative","Basal",1,"Primary","Female",-11,-9,"Matched","followup",2.266666667,"T3","T_Other"
"459","brca_tcga_pub","TCGA-BH-A0EI-01",51,"Breast Cancer","Invasive Breast Carcinoma",5,"Stage IIA","Positive",0.1622,"Negative",1,3,3,"M0","Negative",4,4,17,"N1","Positive","BRCA",24.41,"0:LIVING","Luminal A","Positive","LumA",1,"Primary","Female",-5,-7,"Matched","enrollment",0.566666667,"T1","T1"
"460","brca_tcga_pub","TCGA-BH-A0GY-01",67,"Breast Cancer","Invasive Breast Carcinoma",3,"No_Conversion","Positive",0.2656,"Negative",3,3,3,"M0","Negative",2,5,34,"N1","Positive","BRCA",30.33,"0:LIVING","Luminal A","Positive","ReacI",1,"Primary","Female",-3,-3,"Matched","followup",1.133333333,"T2","T_Other"
"461","brca_tcga_pub","TCGA-BH-A0GZ-01",62,"Breast Cancer","Invasive Breast Carcinoma",3,"No_Conversion","Positive",0.2724,"Negative",NA,NA,NA,"M0","Negative",4,2,23,"N1","Positive","BRCA",10.78,"0:LIVING","Luminal A","Positive",NA,1,"Primary","Female",0,-3,"Matched","followup",0.766666667,"T1","T1"
"462","brca_tcga_pub","TCGA-BH-A0H0-01",69,"Breast Cancer","Invasive Breast Carcinoma",2,"Stage I","Positive",0.2534,"Negative",NA,NA,NA,"M0","Negative",4,2,16,"N0","Negative","BRCA",15.15,"0:LIVING","Luminal B","Positive",NA,1,"Primary","Female",-10,-3,"Matched","followup",0.533333333,"T1","T1"
"463","brca_tcga_pub","TCGA-BH-A0H3-01",46,"Breast Cancer","Invasive Breast Carcinoma",2,"Stage I","Positive",0.0606,"Negative",NA,NA,NA,"M0","Negative",2,6,14,"N0","Negative","BRCA",37.75,"0:LIVING","Luminal A","Positive",NA,1,"Primary","Female",-2,-4,"Matched","enrollment",0.466666667,"T1","T1"
"464","brca_tcga_pub","TCGA-BH-A0H5-01",45,"Breast Cancer","Invasive Breast Carcinoma",1,"Stage I","Positive",0,"Negative",2,2,1,"M0","Negative",1,3,8,"N0","Negative","BRCA",35.48,"0:LIVING","Luminal A","Positive","Basal",1,"Primary","Female",-2,-5,"Matched","enrollment",0.266666667,"T1","T1"
"465","brca_tcga_pub","TCGA-BH-A0H6-01",82,"Breast Cancer","Invasive Breast Carcinoma",4,"No_Conversion","Positive",0.0982,"Negative",3,3,3,"M0","Negative",2,2,19,"N0","Negative","BRCA",24.54,"0:LIVING","Luminal A","Positive","ReacI",1,"Primary","Female",-5,-3,"Matched","followup",0.633333333,"T1","T1"
"466","brca_tcga_pub","TCGA-BH-A0H7-01",65,"Breast Cancer","Invasive Breast Carcinoma",3,"No_Conversion","Positive",0.4407,"Negative",1,3,3,"M0","Negative",4,4,38,"N2","Positive","BRCA",23.03,"0:LIVING","Luminal A","Positive","ReacII",1,"Primary","Female",-3,-3,"Matched","followup",1.366666667,"T1","T1"
"467","brca_tcga_pub","TCGA-BH-A0H9-01",69,"Breast Cancer","Invasive Breast Carcinoma",1,"Stage IIA","Positive",0.3068,"Negative",2,2,2,"M0","Negative",5,6,34,"N0","Negative","BRCA",40.97,"0:LIVING","Luminal A","Positive","LumA/B",1,"Primary","Female",-3,-3,"Matched","followup",1.3,"T2","T_Other"
"468","brca_tcga_pub","TCGA-BH-A0HA-01",31,"Breast Cancer","Invasive Breast Carcinoma",1,"Stage I","Positive",0.0838,"Negative",3,4,3,"M0","Negative",2,6,201,"N0","Negative","BRCA",28.12,"0:LIVING","Luminal A","Positive","ReacI",1,"Primary","Female",-5,-7,"Matched","enrollment",6.733333333,"T1","T1"
"469","brca_tcga_pub","TCGA-BH-A0HB-01",55,"Breast Cancer","Invasive Breast Carcinoma",5,"Stage I","Positive",0.2922,"Negative",NA,NA,NA,"M0","Negative",1,4,25,"N0","Negative","BRCA",26.48,"0:LIVING","Luminal A","Positive",NA,1,"Primary","Female",-8,-3,"Matched","followup",0.833333333,"T1","T1"
"470","brca_tcga_pub","TCGA-BH-A0HF-01",77,"Breast Cancer","Invasive Breast Carcinoma",NA,"Stage I","Positive",NA,"Negative",NA,NA,NA,"M0","Negative",2,4,NA,"N0","Negative","BRCA",23.89,"0:LIVING","Luminal A","Positive",NA,1,"Primary","Female",-5,-7,"Matched","followup",NA,"T1","T1"
"471","brca_tcga_pub","TCGA-BH-A0HI-01",78,"Breast Cancer","Invasive Breast Carcinoma",2,"Stage I","Positive",0.0729,"Negative",NA,NA,NA,"M0","Negative",2,7,21,"N0","Negative","BRCA",20.34,"0:LIVING","Luminal A","Positive",NA,1,"Primary","Female",-12,-3,"Matched","followup",0.666666667,"T1","T1"
"472","brca_tcga_pub","TCGA-BH-A0HK-01",81,"Breast Cancer","Invasive Breast Carcinoma",2,"No_Conversion","Positive",0.0924,"Negative",3,3,3,"M0","Negative",3,7,73,"N1","Positive","BRCA",5.85,"0:LIVING","Luminal A","Negative","LumA/B",1,"Primary","Female",0,0,"Matched","followup",2.6,"T2","T_Other"
"473","brca_tcga_pub","TCGA-BH-A0HL-01",56,"Breast Cancer","Invasive Breast Carcinoma",NA,"No_Conversion","Positive",NA,"Negative",NA,NA,NA,"M0","Negative",3,4,25,"N1","Positive","BRCA",2.37,"0:LIVING","Basal-like","Positive","LumA/B",1,"Primary","Female",-13,0,"Matched","followup",0.833333333,"T2","T_Other"
"474","brca_tcga_pub","TCGA-BH-A0HN-01",67,"Breast Cancer","Invasive Breast Carcinoma",NA,"Stage I","Positive",NA,"Negative",NA,NA,NA,"M0","Negative",2,6,26,"N0","Negative","BRCA",16.95,"0:LIVING","Basal-like","Positive","ReacI",1,"Primary","Female",-13,0,"Matched","followup",0.9,"T1","T1"
"475","brca_tcga_pub","TCGA-BH-A0HO-01",48,"Breast Cancer","Invasive Breast Carcinoma",2,"No_Conversion","Positive",0.0493,"Negative",NA,NA,NA,"M0","Negative",2,2,14,"N1","Positive","BRCA",2.5,"0:LIVING","Luminal A","Positive",NA,1,"Primary","Female",-12,-3,"Matched","followup",0.466666667,"T1","T1"
"476","brca_tcga_pub","TCGA-BH-A0HP-01",65,"Breast Cancer","Invasive Breast Carcinoma",2,"No_Conversion","Positive",0.1767,"Negative",3,4,3,"M0","Negative",1,6,161,"N2","Positive","BRCA",13.6,"0:LIVING","Luminal A","Negative","ReacI",1,"Primary","Female",-5,-7,"Matched","followup",5.433333333,"T3","T_Other"
"477","brca_tcga_pub","TCGA-BH-A0HQ-01",56,"Breast Cancer","Invasive Breast Carcinoma",NA,"Stage IIA","Positive",0.1281,"Negative",NA,NA,NA,"M0","Negative",4,2,21,"N0","Negative","BRCA",36.83,"0:LIVING","Luminal A","Positive",NA,1,"Primary","Female",-5,-3,"Matched","followup",0.7,"T2","T_Other"
"478","brca_tcga_pub","TCGA-BH-A0HU-01",52,"Breast Cancer","Invasive Breast Carcinoma",2,"Stage I","Positive",0.3924,"Negative",3,1,4,"M0","Negative",2,4,35,"N0","Negative","BRCA",12.88,"0:LIVING","Luminal B","Positive","Her2",1,"Primary","Female",-2,-3,"Matched","followup",1.166666667,"T1","T1"
"479","brca_tcga_pub","TCGA-BH-A0HW-01",62,"Breast Cancer","Invasive Breast Carcinoma",4,"Stage I","Positive",0.23,"Negative",3,3,4,"M0","Negative",2,2,32,"N0","Negative","BRCA",51.25,"0:LIVING","Luminal B","Negative","LumA/B",1,"Primary","Female",-10,-3,"Matched","followup",1.166666667,"T1","T1"
"480","brca_tcga_pub","TCGA-BH-A0HX-01",54,"Breast Cancer","Invasive Breast Carcinoma",4,"No_Conversion","Positive",0.5678,"Negative",1,3,3,"M0","Negative",4,4,41,"N1","Positive","BRCA",27.24,"0:LIVING","Luminal A","Positive","LumA/B",1,"Primary","Female",-10,-3,"Matched","followup",1.333333333,"T2","T_Other"
"481","brca_tcga_pub","TCGA-BH-A0HY-01",60,"Breast Cancer","Invasive Breast Carcinoma",NA,"Stage I","Positive",0.6304,NA,NA,NA,NA,"M0","Negative",3,4,39,"N0","Negative","BRCA",28.49,"0:LIVING","HER2-enriched","Negative","ReacII",1,"Primary","Female",-1,-5,"Matched","enrollment",1.3,"T1","T1"
"482","brca_tcga_pub","TCGA-BH-A0RX-01",59,"Breast Cancer","Invasive Breast Carcinoma",4,"Stage IIA","Negative",0.095,"Negative",3,2,2,"M0","Negative",5,4,17,"N0","Negative","BRCA",5.59,"0:LIVING","Basal-like","Negative","ReacII",1,"Primary","Female",-13,-12,"Matched","followup",0.6,"T2","T_Other"
"483","brca_tcga_pub","TCGA-BH-A0W3-01",58,"Breast Cancer","Invasive Breast Carcinoma",2,"No_Conversion","Positive",0.1333,"Negative",NA,NA,NA,"M0","Negative",2,5,14,"N1","Positive","BRCA",5.91,"0:LIVING","Luminal B","Positive",NA,1,"Primary","Female",-12,-3,"Matched","enrollment",0.466666667,"T1","T1"
"484","brca_tcga_pub","TCGA-BH-A0W4-01",46,"Breast Cancer","Invasive Breast Carcinoma",2,"Stage IIA","Positive",0.0207,"Negative",3,3,3,"M0","Negative",2,4,39,"N0","Negative","BRCA",5.75,"0:LIVING","Luminal A","Positive","LumA",1,"Primary","Female",-5,-7,"Matched","enrollment",1.3,"T2","T_Other"
"485","brca_tcga_pub","TCGA-BH-A0W5-01",77,"Breast Cancer","Invasive Breast Carcinoma",4,"No_Conversion","Positive",0.0719,"Negative",1,3,3,"M0","Negative",1,4,23,"N1","Positive","BRCA",17.84,"0:LIVING","Luminal A","Positive","LumA",1,"Primary","Female",-5,-4,"Matched","enrollment",0.766666667,"T1","T1"
"486","brca_tcga_pub","TCGA-BH-A0W7-01",49,"Breast Cancer","Invasive Breast Carcinoma",4,"Stage I","Positive",0.3048,"Negative",NA,NA,NA,"M0","Negative",1,4,127,"N0","Negative","BRCA",18.33,"0:LIVING","Luminal A","Positive",NA,1,"Primary","Female",-4,-4,"Matched","enrollment",4.266666667,"T1","T1"
"487","brca_tcga_pub","TCGA-BH-A0WA-01",82,"Breast Cancer","Invasive Breast Carcinoma",1,"Stage I","Negative",0.606,"Negative",NA,NA,NA,"M0","Negative",5,5,68,"N0","Negative","BRCA",12.22,"0:LIVING","Basal-like","Negative",NA,1,"Primary","Female",-13,-12,"Matched","enrollment",2.266666667,"T1","T1"
"488","brca_tcga_pub","TCGA-BH-A18F-01",50,"Breast Cancer","Invasive Breast Carcinoma",2,"Stage IIA","Positive",0.2284,"Negative",3,4,3,"M0","Negative",1,6,40,"N0","Negative","BRCA",8.81,"0:LIVING","Luminal B","Positive","ReacI",1,"Primary","Female",-4,-7,"Matched","enrollment",1.266666667,"T2","T_Other"
"489","brca_tcga_pub","TCGA-BH-A18G-01",81,"Breast Cancer","Invasive Breast Carcinoma",3,"No_Conversion","Negative",0.071,"Negative",NA,NA,NA,"M0","Negative",4,4,NA,"N0","Negative","BRCA",2,"0:LIVING","Basal-like","Negative","Basal",1,"Primary","Female",-13,0,"Matched","enrollment",NA,"T1","T1"
"490","brca_tcga_pub","TCGA-BH-A18H-01",63,"Breast Cancer","Invasive Breast Carcinoma",3,"Stage I","Positive",0.263,"Negative",3,1,3,"M0","Negative",1,6,24,"N0","Negative","BRCA",0,"0:LIVING","Luminal A","Positive","LumA/B",1,"Primary","Female",-2,-5,"Matched","enrollment",0.8,"T1","T1"
"491","brca_tcga_pub","TCGA-BH-A18I-01",53,"Breast Cancer","Invasive Breast Carcinoma",4,"Stage IIA","Positive",0.146,"Negative",NA,NA,NA,"M0","Negative",2,4,20,"N1","Positive","BRCA",7.23,"0:LIVING","Luminal A","Positive",NA,1,"Primary","Female",-5,-4,"Matched","enrollment",0.666666667,"T1","T1"
"492","brca_tcga_pub","TCGA-BH-A18J-01",56,"Breast Cancer","Invasive Breast Carcinoma",2,"No_Conversion","Positive",0.2358,"Negative",3,3,4,"M1","Positive",1,4,51,"N2","Positive","BRCA",20.07,"1:DECEASED","Luminal B","Positive","ReacII",1,"Primary","Female",-1,-3,"Matched","enrollment",1.633333333,"T4","T_Other"
"493","brca_tcga_pub","TCGA-BH-A18K-01",46,"Breast Cancer","Invasive Breast Carcinoma",2,"Stage I","Positive",0.4274,"Negative",NA,NA,NA,"M0","Negative",2,5,33,"N0","Negative","BRCA",90.75,"1:DECEASED","Basal-like","Positive",NA,1,"Primary","Female",-13,-12,"Matched","enrollment",1.1,"T1","T1"
"494","brca_tcga_pub","TCGA-BH-A18L-01",50,"Breast Cancer","Invasive Breast Carcinoma",5,"Stage IIIA","Positive",0.5814,NA,1,1,4,"M0","Negative",4,1,28,"N1","Positive","BRCA",26.65,"1:DECEASED","Luminal B","Positive","ReacII",1,"Primary","Female",-10,-5,"Matched","enrollment",0.933333333,"T3","T_Other"
"495","brca_tcga_pub","TCGA-BH-A18M-01",39,"Breast Cancer","Invasive Breast Carcinoma",2,"Stage IIIA","Positive",0.1771,"Positive",3,4,3,"M0","Negative",1,6,20,"N1","Positive","BRCA",72.51,"1:DECEASED","Luminal A","Positive","ReacI",1,"Primary","Female",-5,-7,"Matched","enrollment",0.7,"T3","T_Other"
"496","brca_tcga_pub","TCGA-BH-A18N-01",88,"Breast Cancer","Invasive Breast Carcinoma",3,"No_Conversion","Positive",0.1399,"Negative",3,3,3,"M0","Negative",2,6,29,"N1","Positive","BRCA",37.72,"1:DECEASED","Luminal A","Positive","LumA",1,"Primary","Female",-12,-3,"Matched","enrollment",0.966666667,"T2","T_Other"
"497","brca_tcga_pub","TCGA-BH-A18P-01",60,"Breast Cancer","Invasive Breast Carcinoma",2,"Stage I","Positive",0.1673,"Negative",1,3,1,"M0","Negative",4,5,230,"N0","Negative","BRCA",30.26,"1:DECEASED","HER2-enriched","Negative","X",1,"Primary","Female",-1,-1,"Matched","enrollment",7.6,"T1","T1"
"498","brca_tcga_pub","TCGA-BH-A18Q-01",56,"Breast Cancer","Invasive Breast Carcinoma",1,"No_Conversion","Negative",0.7399,"Negative",2,2,2,"M0","Negative",5,5,66,"N1","Positive","BRCA",55.59,"1:DECEASED","Basal-like","Negative","Basal",1,"Primary","Female",-13,-12,"Matched","enrollment",2.233333333,"T2","T_Other"
"499","brca_tcga_pub","TCGA-BH-A18R-01",50,"Breast Cancer","Invasive Breast Carcinoma",3,"No_Conversion","Indeterminate",0.2866,"Positive",1,1,1,"M0","Negative",4,4,19,"N1","Positive","BRCA",37.49,"1:DECEASED","HER2-enriched","Negative","Her2",1,"Primary","Female",-2,0,"Matched","enrollment",0.633333333,"T2","T_Other"
"500","brca_tcga_pub","TCGA-BH-A18S-01",79,"Breast Cancer","Invasive Breast Carcinoma",5,"Stage I","Positive",0.1516,NA,3,3,3,"M0","Negative",2,7,18,"N0","Negative","BRCA",66.01,"1:DECEASED","Luminal A","Positive","LumA/B",1,"Primary","Female",-12,-3,"Matched","enrollment",0.6,"T1","T1"
"501","brca_tcga_pub","TCGA-BH-A18T-01",70,"Breast Cancer","Invasive Breast Carcinoma",1,"Stage IIA","Negative",0.6652,"Negative",2,2,2,"M0","Negative",5,2,54,"N0","Negative","BRCA",7.36,"1:DECEASED","Luminal A","Negative","ReacII",1,"Primary","Female",0,-3,"Matched","enrollment",1.733333333,"T2","T_Other"
"502","brca_tcga_pub","TCGA-BH-A18U-01",72,"Breast Cancer","Invasive Breast Carcinoma",3,"Stage IIIA","Positive",0.6182,"Positive",4,5,4,"M0","Negative",3,5,63,"N2","Positive","BRCA",51.35,"1:DECEASED","Luminal B","Positive","ReacI",1,"Primary","Female",-2,-5,"Matched","enrollment",2.066666667,"T2","T_Other"
"503","brca_tcga_pub","TCGA-BH-A18V-01",48,"Breast Cancer","Invasive Breast Carcinoma",1,"No_Conversion","Negative",0.7015,"Negative",2,2,2,"M0","Negative",5,5,150,"N1","Positive","BRCA",51.09,"1:DECEASED","Basal-like","Negative","Basal",1,"Primary","Female",-13,-12,"Matched","enrollment",4.9,"T2","T_Other"
"504","brca_tcga_pub","TCGA-BH-A1EN-01",78,"Breast Cancer","Invasive Breast Carcinoma",3,"Stage IIA","Negative",0.6267,"Positive",NA,NA,NA,"M0","Negative",3,3,NA,"N0","Negative","BRCA",67.42,"1:DECEASED",NA,"Negative",NA,1,"Primary","Female",NA,NA,"Matched","enrollment",NA,"T2","T_Other"
"505","brca_tcga_pub","TCGA-BH-A1EO-01",68,"Breast Cancer","Invasive Breast Carcinoma",3,"Stage IIA","Positive",0.2619,"Negative",NA,NA,NA,"M0","Negative",4,6,34,"N1","Positive","BRCA",91.93,"1:DECEASED","Luminal A","Positive",NA,1,"Primary","Female",-5,-3,"Matched","enrollment",1.133333333,"T1","T1"
"506","brca_tcga_pub","TCGA-BH-A1ES-01",35,"Breast Cancer","Invasive Breast Carcinoma",5,"Stage IIB","Positive",0.2309,"Negative",NA,NA,NA,"M0","Negative",4,5,16,"N1","Positive","BRCA",113.74,"1:DECEASED","Luminal A","Positive",NA,1,"Primary","Female",-9,-3,"Matched","enrollment",0.533333333,"T2","T_Other"
"507","brca_tcga_pub","TCGA-BH-A1ET-01",55,"Breast Cancer","Invasive Breast Carcinoma",2,"Stage I","Positive",0.0892,"Negative",NA,NA,NA,"M0","Negative",2,6,18,"N0","Negative","BRCA",82.79,"1:DECEASED","Luminal A","Positive",NA,1,"Primary","Female",-12,-7,"Matched","enrollment",0.6,"T1","T1"
"508","brca_tcga_pub","TCGA-BH-A1EU-01",83,"Breast Cancer","Invasive Breast Carcinoma",1,"Stage I","Positive",0.1179,"Negative",NA,NA,NA,"M0","Negative",1,6,17,"N0","Negative","BRCA",42.25,"1:DECEASED","Luminal A","Positive",NA,1,"Primary","Female",-5,-7,"Matched","enrollment",0.566666667,"T1","T1"
"509","brca_tcga_pub","TCGA-BH-A1EV-01",45,"Breast Cancer","Invasive Breast Carcinoma",2,NA,"Positive",0.4189,NA,NA,NA,NA,NA,NA,2,7,77,NA,NA,"BRCA",11.99,"1:DECEASED","HER2-enriched","Positive",NA,1,"Primary","Female",-1,-5,"Matched","enrollment",2.533333333,NA,NA
"510","brca_tcga_pub","TCGA-BH-A1EW-01",38,"Breast Cancer","Invasive Breast Carcinoma",3,"No_Conversion","Negative",0.3453,"Negative",NA,NA,NA,"M0","Negative",1,6,16,"N1","Positive","BRCA",55.66,"1:DECEASED","Luminal B","Negative",NA,1,"Primary","Female",-3,-3,"Matched","enrollment",0.533333333,"T2","T_Other"
"511","brca_tcga_pub","TCGA-BH-A1EX-01",67,"Breast Cancer","Invasive Breast Carcinoma",3,"Stage IIB","Positive",0.2258,"Negative",NA,NA,NA,"M0","Negative",4,5,NA,"N1","Positive","BRCA",49.55,"1:DECEASED",NA,"Positive",NA,1,"Primary","Female",NA,NA,"Matched","enrollment",NA,"T2","T_Other"
"512","brca_tcga_pub","TCGA-BH-A1EY-01",79,"Breast Cancer","Invasive Breast Carcinoma",2,"Stage IIA","Positive",0.3632,"Negative",NA,NA,NA,"M0","Negative",4,1,NA,"N0","Negative","BRCA",17.68,"1:DECEASED",NA,"Positive",NA,1,"Primary","Female",NA,NA,"Matched","enrollment",NA,"T2","T_Other"
"513","brca_tcga_pub","TCGA-BH-A1F0-01",80,"Breast Cancer","Invasive Breast Carcinoma",1,"Stage IIA","Negative",0.0288,"Negative",NA,NA,NA,"M0","Negative",5,6,15,"N1","Positive","BRCA",25.79,"1:DECEASED","Basal-like","Indeterminate",NA,1,"Primary","Female",-13,-12,"Matched","enrollment",0.533333333,"T1","T1"
"514","brca_tcga_pub","TCGA-BH-A1F2-01",53,"Breast Cancer","Invasive Breast Carcinoma",5,"Stage","Positive",0.4715,"Positive",NA,NA,NA,"M0","Negative",2,6,NA,"N1","Positive","BRCA",31.51,"1:DECEASED",NA,"Positive",NA,1,"Primary","Female",NA,NA,"Matched","enrollment",NA,"T4","T_Other"
"515","brca_tcga_pub","TCGA-BH-A1F5-01",62,"Breast Cancer","Invasive Breast Carcinoma",NA,NA,"Positive",0.1457,NA,NA,NA,NA,NA,NA,NA,NA,NA,NA,NA,"BRCA",89.1,"1:DECEASED",NA,"Positive",NA,1,"Primary","Female",NA,NA,"Matched","enrollment",NA,NA,NA
"516","brca_tcga_pub","TCGA-BH-A1F6-01",51,"Breast Cancer","Invasive Breast Carcinoma",NA,NA,"Negative",0.5787,NA,NA,NA,NA,NA,NA,NA,NA,NA,NA,NA,"BRCA",97.41,"1:DECEASED",NA,"Negative",NA,1,"Primary","Female",NA,NA,"Matched","enrollment",NA,NA,NA
"517","brca_tcga_pub","TCGA-BH-A1F8-01",90,"Breast Cancer","Invasive Breast Carcinoma",1,"Stage IIIC","Positive",0.9971,"Negative",NA,NA,NA,"M0","Negative",4,4,NA,"N2","Positive","BRCA",24.61,"1:DECEASED",NA,"Positive",NA,1,"Primary","Female",NA,NA,"Matched","enrollment",NA,"T4","T_Other"
"518","brca_tcga_pub","TCGA-BH-A1FB-01",60,"Breast Cancer","Invasive Breast Carcinoma",4,"Stage IIB","Positive",0.0542,"Negative",NA,NA,NA,"M0","Negative",1,6,NA,"N1","Positive","BRCA",120.54,"1:DECEASED",NA,"Positive",NA,1,"Primary","Female",NA,NA,"Matched","enrollment",NA,"T2","T_Other"
"519","brca_tcga_pub","TCGA-BH-A1FC-01",78,"Breast Cancer","Invasive Breast Carcinoma",4,"Stage IIA","Negative",0.4675,"Negative",NA,NA,NA,"M0","Negative",4,3,NA,"N1","Positive","BRCA",114.04,"1:DECEASED",NA,"Negative",NA,1,"Primary","Female",NA,NA,"Matched","enrollment",NA,"T1","T1"
"520","brca_tcga_pub","TCGA-BH-A1FD-01",68,"Breast Cancer","Invasive Breast Carcinoma",4,"Stage I","Positive",0.4385,"Negative",NA,NA,NA,"M0","Negative",3,NA,NA,"N0","Negative","BRCA",33.12,"1:DECEASED",NA,"Positive",NA,1,"Primary","Female",NA,NA,"Matched","enrollment",NA,"T1","T1"
"521","brca_tcga_pub","TCGA-BH-A1FE-01",31,"Breast Cancer","Invasive Breast Carcinoma",2,"Stage IIB","Positive",0.1298,"Negative",NA,NA,NA,"M0","Negative",4,6,NA,"N1","Positive","BRCA",74.68,"1:DECEASED",NA,"Positive",NA,1,"Primary","Female",NA,NA,"Matched","enrollment",NA,"T2","T_Other"
"522","brca_tcga_pub","TCGA-BH-A1FG-01",88,"Breast Cancer","Invasive Breast Carcinoma",4,"Stage I","Positive",0.1163,NA,NA,NA,NA,"M0","Negative",2,2,NA,"N0","Negative","BRCA",122.81,"1:DECEASED",NA,"Positive",NA,1,"Primary","Female",NA,NA,"Matched","enrollment",NA,"T1","T1"
"523","brca_tcga_pub","TCGA-BH-A1FH-01",47,"Breast Cancer","Invasive Breast Carcinoma",4,"No_Conversion","Positive",0.0222,"Negative",NA,NA,NA,"M1","Positive",1,6,NA,"N1","Positive","BRCA",36.9,"1:DECEASED",NA,"Negative",NA,1,"Primary","Female",NA,NA,"Matched","enrollment",NA,"T2","T_Other"
"524","brca_tcga_pub","TCGA-BH-A1FJ-01",66,"Breast Cancer","Invasive Breast Carcinoma",3,"Stage IIIA","Negative",0.1001,"Negative",NA,NA,NA,"M0","Negative",4,2,NA,"N1","Positive","BRCA",63.31,"1:DECEASED",NA,"Positive",NA,1,"Primary","Female",NA,NA,"Matched","enrollment",NA,"T3","T_Other"
"525","brca_tcga_pub","TCGA-BH-A1FL-01",69,"Breast Cancer","Invasive Breast Carcinoma",2,"Stage IIIA","Positive",0.0908,"Negative",NA,NA,NA,"M0","Negative",4,6,NA,"N1","Positive","BRCA",54.97,"1:DECEASED",NA,"Positive",NA,1,"Primary","Female",NA,NA,"Matched","enrollment",NA,"T2","T_Other"
"526","brca_tcga_pub","TCGA-BH-A1FM-01",44,"Breast Cancer","Invasive Breast Carcinoma",1,"Stage IIIA","Positive",0.5273,"Negative",NA,NA,NA,"M0","Negative",3,4,NA,"N2","Positive","BRCA",45.6,"1:DECEASED",NA,"Negative",NA,1,"Primary","Female",NA,NA,"Matched","enrollment",NA,"T2","T_Other"
"527","brca_tcga_pub","TCGA-BH-A1FN-01",34,"Breast Cancer","Invasive Breast Carcinoma",1,"Stage IIA","Positive",0.5352,"Negative",NA,NA,NA,"M0","Negative",5,4,NA,"N0","Negative","BRCA",72.02,"1:DECEASED",NA,"Positive",NA,1,"Primary","Female",NA,NA,"Matched","enrollment",NA,"T2","T_Other"
"528","brca_tcga_pub","TCGA-BH-A1FR-01",73,"Breast Cancer","Invasive Breast Carcinoma",1,"No_Conversion","Positive",5e-04,"Negative",NA,NA,NA,"M0","Negative",2,1,NA,"N1","Positive","BRCA",144.5,"1:DECEASED",NA,"Positive",NA,1,"Primary","Female",NA,NA,"Matched","enrollment",NA,"T4","T_Other"
"529","brca_tcga_pub","TCGA-BH-A1FU-01",44,"Breast Cancer","Invasive Breast Carcinoma",4,"Stage I","Negative",0.0641,"Positive",NA,NA,NA,"M0","Negative",1,6,NA,"N0","Negative","BRCA",72.02,"1:DECEASED",NA,"Negative",NA,1,"Primary","Female",NA,NA,"Matched","enrollment",NA,"T1","T1"
"530","brca_tcga_pub","TCGA-BH-A201-01",64,"Breast Cancer","Invasive Breast Carcinoma",5,NA,"Positive",0.1268,NA,NA,NA,NA,NA,NA,4,6,NA,NA,NA,"BRCA",6.87,"0:LIVING",NA,"Positive",NA,1,"Primary","Female",NA,NA,"Matched","enrollment",NA,NA,NA
"531","brca_tcga_pub","TCGA-BH-A202-01",60,"Breast Cancer","Invasive Breast Carcinoma",2,NA,"Positive",0.2689,NA,NA,NA,NA,NA,NA,4,6,NA,NA,NA,"BRCA",0.72,"0:LIVING",NA,"Positive",NA,1,"Primary","Female",NA,NA,"Matched","enrollment",NA,NA,NA
"532","brca_tcga_pub","TCGA-BH-A203-01",78,"Breast Cancer","Invasive Breast Carcinoma",3,NA,"Performed but Not Available",0.3623,NA,NA,NA,NA,NA,NA,3,NA,NA,NA,NA,"BRCA",38.57,"1:DECEASED",NA,"Performed but Not Available",NA,1,"Primary","Female",NA,NA,"Matched","enrollment",NA,NA,NA
"533","brca_tcga_pub","TCGA-BH-A204-01",80,"Breast Cancer","Invasive Breast Carcinoma",4,NA,"Performed but Not Available",0.2346,NA,NA,NA,NA,NA,NA,3,NA,NA,NA,NA,"BRCA",83.25,"1:DECEASED",NA,"Performed but Not Available",NA,1,"Primary","Female",NA,NA,"Matched","enrollment",NA,NA,NA
"534","brca_tcga_pub","TCGA-BH-A208-01",48,"Breast Cancer","Invasive Breast Carcinoma",3,NA,"Performed but Not Available",0.1644,NA,NA,NA,NA,NA,NA,5,NA,NA,NA,NA,"BRCA",57.79,"1:DECEASED",NA,"Performed but Not Available",NA,1,"Primary","Female",NA,NA,"Matched","enrollment",NA,NA,NA
"535","brca_tcga_pub","TCGA-BH-A209-01",77,"Breast Cancer","Invasive Breast Carcinoma",4,NA,"Positive",0.3066,NA,NA,NA,NA,NA,NA,3,NA,NA,NA,NA,"BRCA",130.07,"1:DECEASED",NA,"Positive",NA,1,"Primary","Female",NA,NA,"Matched","enrollment",NA,NA,NA
"536","brca_tcga_pub","TCGA-BH-A28Q-01",46,"Breast Cancer","Invasive Breast Carcinoma",2,NA,"Positive",0.1605,NA,NA,NA,NA,NA,NA,4,NA,NA,NA,NA,"BRCA",6.44,"0:LIVING",NA,"Positive",NA,1,"Primary","Female",NA,NA,"Matched","enrollment",NA,NA,NA
"537","brca_tcga_pub","TCGA-C8-A12K-01",80,"Breast Cancer","Invasive Breast Carcinoma",1,"No_Conversion","Not Performed",0.4856,"Negative",2,2,2,"M0","Negative",5,3,82,"N1","Positive","BRCA",0,"0:LIVING","Basal-like","Not Performed","Basal",1,"Primary","Female",-13,-12,"Matched","enrollment",2.733333333,"T2","T_Other"
"538","brca_tcga_pub","TCGA-C8-A12L-01",67,"Breast Cancer","Invasive Breast Carcinoma",1,"Stage IIA","Negative",0.6096,"Positive",1,1,1,"M0","Negative",4,4,66,"N0","Negative","BRCA",0,"0:LIVING","HER2-enriched","Negative","Her2",1,"Primary","Female",-11,-9,"Matched","enrollment",2.166666667,"T2","T_Other"
"539","brca_tcga_pub","TCGA-C8-A12M-01",70,"Breast Cancer","Invasive Breast Carcinoma",5,"Stage IIA","Positive",0.4491,NA,4,1,4,"M0","Negative",3,4,44,"N0","Negative","BRCA",0,"0:LIVING","Luminal B","Negative","LumA/B",1,"Primary","Female",-10,-5,"Matched","enrollment",1.466666667,"T2","T_Other"
"540","brca_tcga_pub","TCGA-C8-A12N-01",58,"Breast Cancer","Invasive Breast Carcinoma",4,"Stage IIA","Positive",0.0757,"Negative",3,3,3,"M0","Negative",2,6,16,"N0","Negative","BRCA",0,"0:LIVING","Luminal A","Positive","ReacI",1,"Primary","Female",-12,-3,"Matched","enrollment",0.533333333,"T2","T_Other"
"541","brca_tcga_pub","TCGA-C8-A12O-01",50,"Breast Cancer","Invasive Breast Carcinoma",NA,"Stage IIA","Positive",NA,NA,NA,NA,NA,"M0","Negative",1,4,27,"N0","Negative","BRCA",0,"0:LIVING","Luminal A","Positive","Her2",1,"Primary","Female",-2,0,"Matched","enrollment",0.9,"T2","T_Other"
"542","brca_tcga_pub","TCGA-C8-A12P-01",55,"Breast Cancer","Invasive Breast Carcinoma",3,"No_Conversion","Negative",0.3385,"Positive",1,1,1,"M0","Negative",1,4,120,"N1","Positive","BRCA",0,"0:LIVING","HER2-enriched","Negative","Her2",1,"Primary","Female",-11,-10,"Matched","enrollment",3.966666667,"T2","T_Other"
"543","brca_tcga_pub","TCGA-C8-A12Q-01",78,"Breast Cancer","Invasive Breast Carcinoma",5,"No_Conversion","Negative",0.4088,"Positive",1,1,1,"M0","Negative",2,4,83,"N2","Positive","BRCA",0,"0:LIVING","HER2-enriched","Negative","Her2",1,"Primary","Female",-11,-5,"Matched","enrollment",2.766666667,"T1","T1"
"544","brca_tcga_pub","TCGA-C8-A12T-01",43,"Breast Cancer","Invasive Breast Carcinoma",4,"Stage IIA","Positive",0.2311,"Positive",1,1,1,"M0","Negative",4,4,123,"N0","Negative","BRCA",0,"0:LIVING","HER2-enriched","Positive","ReacII",1,"Primary","Female",-2,-1,"Matched","enrollment",4.066666667,"T2","T_Other"
"545","brca_tcga_pub","TCGA-C8-A12U-01",46,"Breast Cancer","Invasive Breast Carcinoma",5,"Stage IIB","Positive",0.5344,"Negative",1,1,4,"M0","Negative",4,5,38,"N1","Positive","BRCA",0,"0:LIVING","Luminal B","Positive","Basal",1,"Primary","Female",-2,-5,"Matched","enrollment",1.233333333,"T2","T_Other"
"546","brca_tcga_pub","TCGA-C8-A12V-01",55,"Breast Cancer","Invasive Breast Carcinoma",1,"Stage IIA","Negative",0.0027,"Negative",2,2,2,"M0","Negative",5,3,18,"N0","Negative","BRCA",0,"0:LIVING","Basal-like","Negative","Basal",1,"Primary","Female",-13,-12,"Matched","enrollment",0.566666667,"T2","T_Other"
"547","brca_tcga_pub","TCGA-C8-A12W-01",49,"Breast Cancer","Invasive Breast Carcinoma",3,"Stage IIIB","Positive",0.3504,"Negative",1,1,4,"M0","Negative",4,4,36,"N1","Positive","BRCA",0,"0:LIVING","Luminal B","Positive","ReacII",1,"Primary","Female",-2,-5,"Matched","enrollment",1.233333333,"T4","T_Other"
"548","brca_tcga_pub","TCGA-C8-A12X-01",62,"Breast Cancer","Invasive Breast Carcinoma",4,"Stage IIB","Positive",0.2971,"Negative",4,3,4,"M0","Negative",3,1,41,"N1","Positive","BRCA",0,"0:LIVING","Luminal B","Positive","LumA/B",1,"Primary","Female",-10,-3,"Matched","enrollment",1.466666667,"T2","T_Other"
"549","brca_tcga_pub","TCGA-C8-A12Y-01",44,"Breast Cancer","Invasive Breast Carcinoma",2,"Stage IIB","Not Performed",0.2329,"Negative",3,3,3,"M0","Negative",2,6,24,"N1","Positive","BRCA",0,"0:LIVING","Luminal A","Not Performed","LumA",1,"Primary","Female",0,-3,"Matched","enrollment",0.8,"T2","T_Other"
"550","brca_tcga_pub","TCGA-C8-A12Z-01",45,"Breast Cancer","Invasive Breast Carcinoma",2,"Stage IIB","Negative",0.2697,"Positive",1,1,1,"M0","Negative",4,4,37,"N1","Positive","BRCA",0,"0:LIVING","HER2-enriched","Negative","Her2",1,"Primary","Female",-11,-5,"Matched","enrollment",1.233333333,"T2","T_Other"
"551","brca_tcga_pub","TCGA-C8-A130-01",52,"Breast Cancer","Invasive Breast Carcinoma",1,"Stage IIIA","Positive",0.5081,"Equivocal",1,1,1,"M0","Negative",2,4,28,"N2","Positive","BRCA",0,"0:LIVING","HER2-enriched","Positive","Her2",1,"Primary","Female",-2,0,"Matched","enrollment",0.933333333,"T3","T_Other"
"552","brca_tcga_pub","TCGA-C8-A131-01",82,"Breast Cancer","Invasive Breast Carcinoma",1,"Stage IIIA","Negative",0.2303,"Negative",2,2,2,"M0","Negative",1,5,42,"N2","Positive","BRCA",0,"0:LIVING","Basal-like","Negative","ReacII",1,"Primary","Female",-13,0,"Matched","enrollment",1.4,"T2","T_Other"
"553","brca_tcga_pub","TCGA-C8-A132-01",56,"Breast Cancer","Invasive Breast Carcinoma",5,"Stage IIB","Positive",0.1483,"Positive",2,3,3,"M0","Negative",1,5,44,"N1","Positive","BRCA",0,"0:LIVING","Luminal A","Positive","Her2",1,"Primary","Female",-2,-4,"Matched","enrollment",1.433333333,"T2","T_Other"
"554","brca_tcga_pub","TCGA-C8-A133-01",65,"Breast Cancer","Invasive Breast Carcinoma",1,"Stage IIIA","Positive",0.0053,"Negative",3,3,3,"M0","Negative",2,1,17,"N1","Positive","BRCA",0,"0:LIVING","Luminal A","Positive","LumA/B",1,"Primary","Female",-12,-3,"Matched","enrollment",0.6,"T3","T_Other"
"555","brca_tcga_pub","TCGA-C8-A134-01",52,"Breast Cancer","Invasive Breast Carcinoma",1,"No_Conversion","Negative",0.4432,"Negative",2,2,2,"M0","Negative",4,6,72,"N0","Negative","BRCA",0,"0:LIVING","Basal-like","Negative","Basal",1,"Primary","Female",-13,-12,"Matched","enrollment",2.4,"T2","T_Other"
"556","brca_tcga_pub","TCGA-C8-A135-01",64,"Breast Cancer","Invasive Breast Carcinoma",1,"Stage IIB","Negative",0.2977,"Positive",2,2,1,"M0","Negative",1,7,43,"N1","Positive","BRCA",0,"0:LIVING","HER2-enriched","Negative","Her2",1,"Primary","Female",-11,-5,"Matched","enrollment",1.433333333,"T2","T_Other"
"557","brca_tcga_pub","TCGA-C8-A137-01",34,"Breast Cancer","Invasive Breast Carcinoma",5,"Stage IIB","Negative",0.2233,"Positive",NA,NA,NA,"M0","Negative",4,NA,39,"N1","Positive","BRCA",0.1,"0:LIVING","HER2-enriched","Negative","Her2",1,"Primary","Female",-11,-5,"Matched","enrollment",1.333333333,"T2","T_Other"
"558","brca_tcga_pub","TCGA-C8-A138-01",54,"Breast Cancer","Invasive Breast Carcinoma",2,"Stage IIIA","Positive",0.3556,"Positive",3,2,1,"M0","Negative",2,1,42,"N2","Positive","BRCA",0.23,"0:LIVING","HER2-enriched","Negative","Basal",1,"Primary","Female",-2,-5,"Matched","enrollment",1.333333333,"T2","T_Other"
"559","brca_tcga_pub","TCGA-C8-A1HE-01",59,"Breast Cancer","Invasive Breast Carcinoma",2,"Stage IIA","Positive",0.1178,"Negative",NA,NA,NA,"M0","Negative",4,2,NA,"N0","Negative","BRCA",0,"0:LIVING",NA,"Positive",NA,1,"Primary","Female",NA,NA,"Matched","enrollment",NA,"T2","T_Other"
"560","brca_tcga_pub","TCGA-C8-A1HF-01",48,"Breast Cancer","Invasive Breast Carcinoma",2,"Stage IIA","Negative",0.2475,"Positive",NA,NA,NA,"M0","Negative",2,6,22,"N0","Negative","BRCA",0,"0:LIVING","HER2-enriched","Positive",NA,1,"Primary","Female",-11,-5,"Matched","enrollment",0.733333333,"T2","T_Other"
"561","brca_tcga_pub","TCGA-C8-A1HG-01",50,"Breast Cancer","Invasive Breast Carcinoma",4,"Stage IIA","Positive",0.3587,"Negative",NA,NA,NA,"M0","Negative",5,3,30,"N0","Negative","BRCA",0,"0:LIVING","Luminal B","Positive",NA,1,"Primary","Female",-2,-5,"Matched","enrollment",1,"T2","T_Other"
"562","brca_tcga_pub","TCGA-C8-A1HI-01",40,"Breast Cancer","Invasive Breast Carcinoma",2,"Stage IIIA","Positive",0.2579,"Negative",NA,NA,NA,"M0","Negative",2,6,27,"N2","Positive","BRCA",0.07,"0:LIVING","Luminal A","Positive",NA,1,"Primary","Female",-5,0,"Matched","enrollment",0.866666667,"T2","T_Other"
"563","brca_tcga_pub","TCGA-C8-A1HJ-01",53,"Breast Cancer","Invasive Breast Carcinoma",1,"Stage IIA","Negative",0.5135,"Negative",NA,NA,NA,"M0","Negative",5,5,NA,"N0","Negative","BRCA",0.16,"0:LIVING",NA,"Negative",NA,1,"Primary","Female",NA,NA,"Matched","enrollment",NA,"T2","T_Other"
"564","brca_tcga_pub","TCGA-C8-A1HK-01",53,"Breast Cancer","Invasive Breast Carcinoma",5,"Stage IIB","Negative",0.518,"Positive",NA,NA,NA,"M0","Negative",4,1,NA,"N1","Positive","BRCA",0.23,"0:LIVING",NA,"Negative",NA,1,"Primary","Female",NA,NA,"Matched","enrollment",NA,"T2","T_Other"
"565","brca_tcga_pub","TCGA-C8-A1HL-01",38,"Breast Cancer","Invasive Breast Carcinoma",5,"Stage IIIA","Positive",0.2376,"Positive",NA,NA,NA,"M0","Negative",2,4,28,"N1","Positive","BRCA",0.07,"0:LIVING","Luminal B","Negative",NA,1,"Primary","Female",-2,-3,"Matched","enrollment",0.933333333,"T3","T_Other"
"566","brca_tcga_pub","TCGA-C8-A1HM-01",74,"Breast Cancer","Invasive Breast Carcinoma",3,"Stage IIA","Positive",0.5116,"Negative",NA,NA,NA,"M0","Negative",4,4,238,"N0","Negative","BRCA",0.2,"0:LIVING","Luminal B","Positive",NA,1,"Primary","Female",-2,-5,"Matched","enrollment",8,"T2","T_Other"
"567","brca_tcga_pub","TCGA-C8-A1HN-01",56,"Breast Cancer","Invasive Breast Carcinoma",NA,"Stage IIA","Positive",0.436,"Equivocal",NA,NA,NA,"M0","Negative",2,7,36,"N0","Negative","BRCA",0.07,"0:LIVING","Luminal B","Positive",NA,1,"Primary","Female",-10,-5,"Matched","enrollment",1.166666667,"T2","T_Other"
"568","brca_tcga_pub","TCGA-C8-A1HO-01",34,"Breast Cancer","Invasive Breast Carcinoma",5,"Stage IIIC","Positive",0.3198,"Negative",NA,NA,NA,"M0","Negative",3,5,NA,"N3","Positive","BRCA",0,"0:LIVING",NA,"Positive",NA,1,"Primary","Female",NA,NA,"Matched","enrollment",NA,"T3","T_Other"
"569","brca_tcga_pub","TCGA-C8-A26V-01",47,"Breast Cancer","Invasive Breast Carcinoma",1,"Stage IIIA","Positive",0.1835,"Negative",NA,NA,NA,"M0","Negative",4,NA,NA,"N2","Positive","BRCA",0.3,"0:LIVING",NA,"Positive",NA,1,"Primary","Female",NA,NA,"Matched","enrollment",NA,"T3","T_Other"
"570","brca_tcga_pub","TCGA-C8-A26W-01",58,"Breast Cancer","Invasive Breast Carcinoma",1,"Stage IIB","Positive",0.3238,"Positive",NA,NA,NA,"M0","Negative",1,NA,NA,"N1","Positive","BRCA",0.23,"0:LIVING",NA,"Positive",NA,1,"Primary","Female",NA,NA,"Matched","enrollment",NA,"T2","T_Other"
"571","brca_tcga_pub","TCGA-C8-A26X-01",58,"Breast Cancer","Invasive Breast Carcinoma",4,"Stage IIA","Negative",0.3564,"Negative",NA,NA,NA,"M0","Negative",4,NA,NA,"N1","Positive","BRCA",0.36,"0:LIVING",NA,"Negative",NA,1,"Primary","Female",NA,NA,"Matched","enrollment",NA,"T1","T1"
"572","brca_tcga_pub","TCGA-C8-A26Y-01",90,"Breast Cancer","Invasive Breast Carcinoma",2,"Stage IIA","Negative",0.588,"Negative",NA,NA,NA,"M0","Negative",4,NA,NA,"N0","Negative","BRCA",0.43,"0:LIVING",NA,"Negative",NA,1,"Primary","Female",NA,NA,"Matched","enrollment",NA,"T2","T_Other"
"573","brca_tcga_pub","TCGA-C8-A26Z-01",59,"Breast Cancer","Invasive Breast Carcinoma",3,"Stage IIA","Positive",0.5299,"Negative",NA,NA,NA,"M0","Negative",4,NA,NA,"N0","Negative","BRCA",0.13,"0:LIVING",NA,"Positive",NA,1,"Primary","Female",NA,NA,"Matched","enrollment",NA,"T2","T_Other"
"574","brca_tcga_pub","TCGA-C8-A273-01",29,"Breast Cancer","Invasive Breast Carcinoma",3,"Stage IIB","Positive",0.2254,"Negative",NA,NA,NA,"M0","Negative",4,NA,NA,"N1","Positive","BRCA",0.2,"0:LIVING",NA,"Positive",NA,1,"Primary","Female",NA,NA,"Matched","enrollment",NA,"T2","T_Other"
"575","brca_tcga_pub","TCGA-C8-A274-01",63,"Breast Cancer","Invasive Breast Carcinoma",2,"Stage IIA","Positive",0.4187,"Negative",NA,NA,NA,"M0","Negative",3,NA,NA,"N0","Negative","BRCA",0.03,"0:LIVING",NA,"Positive",NA,1,"Primary","Female",NA,NA,"Matched","enrollment",NA,"T2","T_Other"
"576","brca_tcga_pub","TCGA-C8-A275-01",56,"Breast Cancer","Invasive Breast Carcinoma",3,"Stage IIA","Not Performed",0.2019,"Positive",NA,NA,NA,"M0","Negative",4,NA,NA,"N1","Positive","BRCA",0.03,"0:LIVING",NA,"Not Performed",NA,1,"Primary","Female",NA,NA,"Matched","enrollment",NA,"T1","T1"
"577","brca_tcga_pub","TCGA-C8-A278-01",61,"Breast Cancer","Invasive Breast Carcinoma",4,"Stage IIIA","Negative",0.1661,"Positive",NA,NA,NA,"M0","Negative",4,NA,NA,"N2","Positive","BRCA",0.03,"0:LIVING",NA,"Negative",NA,1,"Primary","Female",NA,NA,"Matched","enrollment",NA,"T2","T_Other"
"578","brca_tcga_pub","TCGA-C8-A27A-01",48,"Breast Cancer","Invasive Breast Carcinoma",4,"Stage IIB","Positive",0.3008,"Negative",NA,NA,NA,"M0","Negative",3,5,NA,"N1","Positive","BRCA",12.19,"0:LIVING",NA,"Positive",NA,1,"Primary","Female",NA,NA,"Matched","enrollment",NA,"T2","T_Other"
"579","brca_tcga_pub","TCGA-C8-A27B-01",48,"Breast Cancer","Invasive Breast Carcinoma",1,"Stage IIB","Negative",0.7389,"Negative",NA,NA,NA,"M0","Negative",5,5,NA,"N0","Negative","BRCA",0.99,"0:LIVING",NA,"Negative",NA,1,"Primary","Female",NA,NA,"Matched","enrollment",NA,"T3","T_Other"
"580","brca_tcga_pub","TCGA-D8-A13Y-01",52,"Breast Cancer","Invasive Breast Carcinoma",5,"No_Conversion","Positive",0.947,"Negative",3,2,4,"M0","Negative",2,1,52,"N0","Negative","BRCA",11.89,"0:LIVING","Luminal B","Positive","Basal",1,"Primary","Female",-2,-6,"Matched","followup",1.733333333,"T1","T1"
"581","brca_tcga_pub","TCGA-D8-A13Z-01",51,"Breast Cancer","Invasive Breast Carcinoma",1,"Stage IIIA","Negative",0.4986,"Negative",2,2,1,"M0","Negative",1,4,63,"N2","Positive","BRCA",6.9,"0:LIVING","HER2-enriched","Negative","Basal",1,"Primary","Female",-13,-10,"Matched","enrollment",2.133333333,"T2","T_Other"
"582","brca_tcga_pub","TCGA-D8-A140-01",62,"Breast Cancer","Invasive Breast Carcinoma",NA,"Stage IIB","Positive",NA,"Positive",NA,NA,NA,"M0","Negative",3,6,69,"N1","Positive","BRCA",13.24,"0:LIVING","Luminal B","Positive","LumA/B",1,"Primary","Female",-10,-5,"Matched","followup",2.3,"T2","T_Other"
"583","brca_tcga_pub","TCGA-D8-A141-01",40,"Breast Cancer","Invasive Breast Carcinoma",2,"Stage IIA","Positive",0.049,"Negative",NA,NA,NA,"M0","Negative",1,4,16,"N1","Positive","BRCA",3.71,"0:LIVING","Luminal A","Positive",NA,1,"Primary","Female",-5,-4,"Matched","enrollment",0.533333333,"T1","T1"
"584","brca_tcga_pub","TCGA-D8-A142-01",74,"Breast Cancer","Invasive Breast Carcinoma",1,"Stage IIB","Negative",0.5222,"Negative",2,2,2,"M0","Negative",5,3,52,"N0","Negative","BRCA",13.96,"0:LIVING","Basal-like","Negative","X",1,"Primary","Female",-13,0,"Matched","followup",1.733333333,"T3","T_Other"
"585","brca_tcga_pub","TCGA-D8-A143-01",51,"Breast Cancer","Invasive Breast Carcinoma",3,"Stage IIA","Negative",0.5356,"Negative",NA,NA,NA,"M0","Negative",5,NA,39,"N0","Negative","BRCA",14.16,"0:LIVING","Basal-like","Negative","Basal",1,"Primary","Female",-13,0,"Matched","followup",1.333333333,"T2","T_Other"
"586","brca_tcga_pub","TCGA-D8-A145-01",80,"Breast Cancer","Invasive Breast Carcinoma",1,"Stage IIA","Positive",0.0845,"Negative",3,4,3,"M0","Negative",2,6,26,"N1","Positive","BRCA",13.47,"0:LIVING","Luminal A","Positive","ReacI",1,"Primary","Female",-5,-7,"Matched","followup",0.833333333,"T1","T1"
"587","brca_tcga_pub","TCGA-D8-A146-01",57,"Breast Cancer","Invasive Breast Carcinoma",NA,"Stage IIA","Positive",0.164,"Negative",NA,NA,NA,"M0","Negative",NA,NA,NA,"N0","Negative","BRCA",11.3,"0:LIVING",NA,"Positive",NA,1,"Primary","Female",NA,NA,"Matched","enrollment",NA,"T2","T_Other"
"588","brca_tcga_pub","TCGA-D8-A147-01",45,"Breast Cancer","Invasive Breast Carcinoma",1,"Stage IIA","Negative",0.5742,"Negative",2,2,2,"M0","Negative",5,5,105,"N0","Negative","BRCA",0.07,"0:LIVING","Basal-like","Negative","Basal",1,"Primary","Female",-13,-12,"Matched","enrollment",3.533333333,"T2","T_Other"
"589","brca_tcga_pub","TCGA-D8-A1J8-01",77,"Breast Cancer","Invasive Breast Carcinoma",2,"Stage IIB","Positive",0.8977,"Negative",NA,NA,NA,"M0","Negative",3,4,NA,"N1","Positive","BRCA",8.41,"0:LIVING",NA,"Positive",NA,1,"Primary","Female",NA,NA,"Matched","enrollment",NA,"T2","T_Other"
"590","brca_tcga_pub","TCGA-D8-A1J9-01",48,"Breast Cancer","Invasive Breast Carcinoma",2,"Stage I","Positive",0.3573,"Positive",NA,NA,NA,"M0","Negative",3,1,NA,"N0","Negative","BRCA",8.15,"0:LIVING",NA,"Negative",NA,1,"Primary","Female",NA,NA,"Matched","enrollment",NA,"T1","T1"
"591","brca_tcga_pub","TCGA-D8-A1JA-01",60,"Breast Cancer","Invasive Breast Carcinoma",1,"Stage IIIB","Negative",0.2448,"Positive",NA,NA,NA,"M0","Negative",4,5,NA,"N0","Negative","BRCA",0.59,"0:LIVING",NA,"Negative",NA,1,"Primary","Female",NA,NA,"Matched","enrollment",NA,"T4","T_Other"
"592","brca_tcga_pub","TCGA-D8-A1JB-01",54,"Breast Cancer","Invasive Breast Carcinoma",3,"Stage IIB","Positive",0.0338,"Positive",NA,NA,NA,"M0","Negative",1,6,NA,"N1","Positive","BRCA",0,"0:LIVING",NA,"Positive",NA,1,"Primary","Female",NA,NA,"Matched","enrollment",NA,"T2","T_Other"
"593","brca_tcga_pub","TCGA-D8-A1JC-01",59,"Breast Cancer","Invasive Breast Carcinoma",5,"Stage IIIA","Positive",0.3667,"Negative",NA,NA,NA,"M0","Negative",2,4,NA,"N2","Positive","BRCA",5.85,"0:LIVING",NA,"Positive",NA,1,"Primary","Female",NA,NA,"Matched","enrollment",NA,"T2","T_Other"
"594","brca_tcga_pub","TCGA-D8-A1JD-01",41,"Breast Cancer","Invasive Breast Carcinoma",5,"Stage IIB","Positive",0.4688,"Negative",NA,NA,NA,"M0","Negative",2,4,NA,"N1","Positive","BRCA",8.97,"0:LIVING",NA,"Positive",NA,1,"Primary","Female",NA,NA,"Matched","enrollment",NA,"T2","T_Other"
"595","brca_tcga_pub","TCGA-D8-A1JE-01",62,"Breast Cancer","Invasive Breast Carcinoma",2,"Stage IIA","Positive",0.6207,"Negative",NA,NA,NA,"M0","Negative",2,4,NA,"N1","Positive","BRCA",1.87,"0:LIVING",NA,"Positive",NA,1,"Primary","Female",NA,NA,"Matched","enrollment",NA,"T1","T1"
"596","brca_tcga_pub","TCGA-D8-A1JF-01",79,"Breast Cancer","Invasive Breast Carcinoma",3,"Stage IIIA","Negative",0.414,"Negative",NA,NA,NA,"M0","Negative",1,3,NA,"N2","Positive","BRCA",3.15,"0:LIVING",NA,"Negative",NA,1,"Primary","Female",NA,NA,"Matched","enrollment",NA,"T1","T1"
"597","brca_tcga_pub","TCGA-D8-A1JG-01",62,"Breast Cancer","Invasive Breast Carcinoma",1,"Stage IIA","Negative",0.2687,"Negative",NA,NA,NA,"M0","Negative",4,3,NA,"N0","Negative","BRCA",6.14,"0:LIVING",NA,"Negative",NA,1,"Primary","Female",NA,NA,"Matched","enrollment",NA,"T2","T_Other"
"598","brca_tcga_pub","TCGA-D8-A1JH-01",56,"Breast Cancer","Invasive Breast Carcinoma",1,"Stage I","Positive",1e-04,"Negative",NA,NA,NA,"M0","Negative",4,6,NA,"N0","Negative","BRCA",14,"0:LIVING",NA,"Positive",NA,1,"Primary","Female",NA,NA,"Matched","followup",NA,"T1","T1"
"599","brca_tcga_pub","TCGA-D8-A1JI-01",54,"Breast Cancer","Invasive Breast Carcinoma",2,"Stage IIA","Positive",0.39,"Negative",NA,NA,NA,"M0","Negative",4,1,NA,"N1","Positive","BRCA",0.69,"0:LIVING",NA,"Positive",NA,1,"Primary","Female",NA,NA,"Matched","enrollment",NA,"T1","T1"
"600","brca_tcga_pub","TCGA-D8-A1JJ-01",54,"Breast Cancer","Invasive Breast Carcinoma",1,"Stage IIA","Positive",0.4374,"Negative",NA,NA,NA,"M0","Negative",4,4,NA,"N0","Negative","BRCA",9,"0:LIVING",NA,"Positive",NA,1,"Primary","Female",NA,NA,"Matched","enrollment",NA,"T2","T_Other"
"601","brca_tcga_pub","TCGA-D8-A1JK-01",90,"Breast Cancer","Invasive Breast Carcinoma",1,"Stage IIA","Negative",0.4906,"Negative",NA,NA,NA,"M0","Negative",1,4,NA,"N0","Negative","BRCA",3.58,"0:LIVING",NA,"Positive",NA,1,"Primary","Female",NA,NA,"Matched","enrollment",NA,"T2","T_Other"
"602","brca_tcga_pub","TCGA-D8-A1JL-01",72,"Breast Cancer","Invasive Breast Carcinoma",3,"Stage IIA","Negative",0.3656,"Negative",NA,NA,NA,"M0","Negative",5,2,NA,"N0","Negative","BRCA",8.71,"0:LIVING",NA,"Negative",NA,1,"Primary","Female",NA,NA,"Matched","enrollment",NA,"T2","T_Other"
"603","brca_tcga_pub","TCGA-D8-A1JM-01",59,"Breast Cancer","Invasive Breast Carcinoma",1,"Stage IIB","Positive",0.6736,"Negative",NA,NA,NA,"M0","Negative",4,NA,NA,"N1","Positive","BRCA",7.82,"0:LIVING",NA,"Negative",NA,1,"Primary","Female",NA,NA,"Matched","enrollment",NA,"T2","T_Other"
"604","brca_tcga_pub","TCGA-D8-A1JN-01",80,"Breast Cancer","Invasive Breast Carcinoma",2,"Stage IIIC","Positive",0.1263,"Negative",NA,NA,NA,"M0","Negative",3,3,NA,"N3","Positive","BRCA",7.13,"0:LIVING",NA,"Positive",NA,1,"Primary","Female",NA,NA,"Matched","enrollment",NA,"T3","T_Other"
"605","brca_tcga_pub","TCGA-D8-A1JP-01",73,"Breast Cancer","Invasive Breast Carcinoma",1,"Stage I","Positive",0.4267,"Negative",NA,NA,NA,"M0","Negative",5,6,NA,"N0","Negative","BRCA",5.49,"0:LIVING",NA,"Positive",NA,1,"Primary","Female",NA,NA,"Matched","enrollment",NA,"T1","T1"
"606","brca_tcga_pub","TCGA-D8-A1JS-01",77,"Breast Cancer","Invasive Breast Carcinoma",2,"Stage I","Positive",0.0619,"Negative",NA,NA,NA,"M0","Negative",4,3,NA,"N0","Negative","BRCA",12.19,"0:LIVING",NA,"Positive",NA,1,"Primary","Female",NA,NA,"Matched","followup",NA,"T1","T1"
"607","brca_tcga_pub","TCGA-D8-A1JT-01",70,"Breast Cancer","Invasive Breast Carcinoma",4,"Stage IIA","Positive",0.4147,"Negative",NA,NA,NA,"M0","Negative",4,4,NA,"N0","Negative","BRCA",13.31,"0:LIVING",NA,"Positive",NA,1,"Primary","Female",NA,NA,"Matched","followup",NA,"T2","T_Other"
"608","brca_tcga_pub","TCGA-D8-A1JU-01",51,"Breast Cancer","Invasive Breast Carcinoma",2,"Stage I","Positive",0.1035,"Negative",NA,NA,NA,"M0","Negative",5,6,NA,"N0","Negative","BRCA",14.69,"0:LIVING",NA,"Positive",NA,1,"Primary","Female",NA,NA,"Matched","followup",NA,"T1","T1"
"609","brca_tcga_pub","TCGA-D8-A1X5-01",81,"Breast Cancer","Invasive Breast Carcinoma",5,"Stage IIIC","Positive",0.631,"Positive",NA,NA,NA,"M0","Negative",3,5,NA,"N3","Positive","BRCA",5.62,"0:LIVING",NA,"Positive",NA,1,"Primary","Female",NA,NA,"Matched","enrollment",NA,"T2","T_Other"
"610","brca_tcga_pub","TCGA-D8-A1X6-01",80,"Breast Cancer","Invasive Breast Carcinoma",4,"Stage IIIA","Positive",0.3619,"Negative",NA,NA,NA,"M0","Negative",4,5,NA,"N2","Positive","BRCA",7.75,"0:LIVING",NA,"Positive",NA,1,"Primary","Female",NA,NA,"Matched","enrollment",NA,"T3","T_Other"
"611","brca_tcga_pub","TCGA-D8-A1X7-01",40,"Breast Cancer","Invasive Breast Carcinoma",3,"Stage IIA","Positive",0.0853,"Negative",NA,NA,NA,"M0","Negative",4,6,NA,"N0","Negative","BRCA",2.79,"0:LIVING",NA,"Positive",NA,1,"Primary","Female",NA,NA,"Matched","enrollment",NA,"T2","T_Other"
"612","brca_tcga_pub","TCGA-D8-A1X8-01",62,"Breast Cancer","Invasive Breast Carcinoma",2,"Stage IIIA","Positive",0.1153,"Negative",NA,NA,NA,"M0","Negative",4,1,NA,"N2","Positive","BRCA",8.94,"0:LIVING",NA,"Indeterminate",NA,1,"Primary","Female",NA,NA,"Matched","enrollment",NA,"T1","T1"
"613","brca_tcga_pub","TCGA-D8-A1X9-01",66,"Breast Cancer","Invasive Breast Carcinoma",5,"Stage IIB","Positive",0.2815,"Negative",NA,NA,NA,"M0","Negative",3,NA,NA,"N1","Positive","BRCA",12.48,"0:LIVING",NA,"Positive",NA,1,"Primary","Female",NA,NA,"Matched","enrollment",NA,"T2","T_Other"
"614","brca_tcga_pub","TCGA-D8-A1XA-01",64,"Breast Cancer","Invasive Breast Carcinoma",1,"Stage I","Positive",0.8612,"Negative",NA,NA,NA,"M0","Negative",4,2,NA,"N0","Negative","BRCA",9,"0:LIVING",NA,"Positive",NA,1,"Primary","Female",NA,NA,"Matched","enrollment",NA,"T1","T1"
"615","brca_tcga_pub","TCGA-D8-A1XB-01",62,"Breast Cancer","Invasive Breast Carcinoma",4,"Stage IIB","Positive",0.217,"Negative",NA,NA,NA,"M0","Negative",4,4,NA,"N1","Positive","BRCA",6.6,"0:LIVING",NA,"Positive",NA,1,"Primary","Female",NA,NA,"Matched","enrollment",NA,"T2","T_Other"
"616","brca_tcga_pub","TCGA-D8-A1XC-01",85,"Breast Cancer","Invasive Breast Carcinoma",3,"Stage IIIB","Positive",0.0566,"Negative",NA,NA,NA,"M0","Negative",2,7,NA,"N1","Positive","BRCA",2.66,"0:LIVING",NA,"Positive",NA,1,"Primary","Female",NA,NA,"Matched","enrollment",NA,"T4","T_Other"
"617","brca_tcga_pub","TCGA-D8-A1XD-01",36,"Breast Cancer","Invasive Breast Carcinoma",4,"Stage IIIA","Positive",0.148,"Negative",NA,NA,NA,"M0","Negative",4,5,NA,"N2","Positive","BRCA",5.09,"0:LIVING",NA,"Positive",NA,1,"Primary","Female",NA,NA,"Matched","enrollment",NA,"T1","T1"
"618","brca_tcga_pub","TCGA-D8-A1XF-01",45,"Breast Cancer","Invasive Breast Carcinoma",3,"Stage IIA","Positive",0.6723,"Negative",NA,NA,NA,"M0","Negative",3,5,NA,"N0","Negative","BRCA",6.47,"0:LIVING",NA,"Positive",NA,1,"Primary","Female",NA,NA,"Matched","enrollment",NA,"T2","T_Other"
"619","brca_tcga_pub","TCGA-D8-A1XG-01",86,"Breast Cancer","Invasive Breast Carcinoma",3,"Stage IIIB","Positive",0.1533,"Negative",NA,NA,NA,"M0","Negative",2,1,NA,"N1","Positive","BRCA",6.44,"0:LIVING",NA,"Negative",NA,1,"Primary","Female",NA,NA,"Matched","enrollment",NA,"T4","T_Other"
"620","brca_tcga_pub","TCGA-D8-A1XJ-01",76,"Breast Cancer","Invasive Breast Carcinoma",1,"Stage IIIA","Positive",0.3525,"Positive",NA,NA,NA,"M0","Negative",3,7,NA,"N1","Positive","BRCA",11.56,"0:LIVING",NA,"Positive",NA,1,"Primary","Female",NA,NA,"Matched","enrollment",NA,"T3","T_Other"
"621","brca_tcga_pub","TCGA-D8-A1XK-01",55,"Breast Cancer","Invasive Breast Carcinoma",1,"Stage IIB","Negative",0.6388,"Negative",NA,NA,NA,"M0","Negative",5,5,NA,"N1","Positive","BRCA",10.71,"0:LIVING",NA,"Negative",NA,1,"Primary","Female",NA,NA,"Matched","enrollment",NA,"T2","T_Other"
"622","brca_tcga_pub","TCGA-D8-A1XL-01",34,"Breast Cancer","Invasive Breast Carcinoma",1,"Stage IIB","Positive",0.5466,"Negative",NA,NA,NA,"M0","Negative",1,7,NA,"N1","Positive","BRCA",10.48,"0:LIVING",NA,"Positive",NA,1,"Primary","Female",NA,NA,"Matched","enrollment",NA,"T2","T_Other"
"623","brca_tcga_pub","TCGA-D8-A1XM-01",57,"Breast Cancer","Invasive Breast Carcinoma",3,"Stage I","Positive",0.1667,"Negative",NA,NA,NA,"M0","Negative",1,4,NA,"N0","Negative","BRCA",7.16,"0:LIVING",NA,"Positive",NA,1,"Primary","Female",NA,NA,"Matched","enrollment",NA,"T1","T1"
"624","brca_tcga_pub","TCGA-D8-A1XO-01",56,"Breast Cancer","Invasive Breast Carcinoma",2,"Stage IIB","Positive",0.2323,"Negative",NA,NA,NA,"M0","Negative",1,7,NA,"N1","Positive","BRCA",7.95,"0:LIVING",NA,"Positive",NA,1,"Primary","Female",NA,NA,"Matched","enrollment",NA,"T2","T_Other"
"625","brca_tcga_pub","TCGA-D8-A1XQ-01",69,"Breast Cancer","Invasive Breast Carcinoma",1,"Stage IIA","Negative",0.3387,"Negative",NA,NA,NA,"M0","Negative",5,3,NA,"N0","Negative","BRCA",5.82,"0:LIVING",NA,"Negative",NA,1,"Primary","Female",NA,NA,"Matched","enrollment",NA,"T2","T_Other"
"626","brca_tcga_pub","TCGA-D8-A1XR-01",56,"Breast Cancer","Invasive Breast Carcinoma",2,"Stage IIB","Positive",0.2173,"Negative",NA,NA,NA,"M0","Negative",2,3,NA,"N1","Positive","BRCA",5.52,"0:LIVING",NA,"Positive",NA,1,"Primary","Female",NA,NA,"Matched","enrollment",NA,"T2","T_Other"
"627","brca_tcga_pub","TCGA-D8-A1XS-01",48,"Breast Cancer","Invasive Breast Carcinoma",3,"Stage IIIC","Positive",0.2212,"Positive",NA,NA,NA,"M0","Negative",2,4,NA,"N3","Positive","BRCA",0.59,"0:LIVING",NA,"Positive",NA,1,"Primary","Male",NA,NA,"Matched","enrollment",NA,"T2","T_Other"
"628","brca_tcga_pub","TCGA-D8-A1XT-01",61,"Breast Cancer","Invasive Breast Carcinoma",1,"Stage IIA","Negative",0.3942,"Positive",NA,NA,NA,"M0","Negative",4,4,NA,"N1","Positive","BRCA",6.34,"0:LIVING",NA,"Negative",NA,1,"Primary","Female",NA,NA,"Matched","enrollment",NA,"T1","T1"
"629","brca_tcga_pub","TCGA-D8-A1XU-01",56,"Breast Cancer","Invasive Breast Carcinoma",NA,"Stage I","Positive",0.9465,"Negative",NA,NA,NA,"M0","Negative",3,6,NA,"N0","Negative","BRCA",4.9,"0:LIVING",NA,"Positive",NA,1,"Primary","Female",NA,NA,"Matched","enrollment",NA,"T1","T1"
"630","brca_tcga_pub","TCGA-D8-A1XV-01",84,"Breast Cancer","Invasive Breast Carcinoma",3,"Stage IIA","Positive",0.0342,"Negative",NA,NA,NA,"M0","Negative",3,7,NA,"N0","Negative","BRCA",4.8,"0:LIVING",NA,"Positive",NA,1,"Primary","Female",NA,NA,"Matched","enrollment",NA,"T2","T_Other"
"631","brca_tcga_pub","TCGA-D8-A1XW-01",53,"Breast Cancer","Invasive Breast Carcinoma",3,"Stage IIA","Negative",0.3797,"Negative",NA,NA,NA,"M0","Negative",5,3,NA,"N0","Negative","BRCA",3.84,"0:LIVING",NA,"Positive",NA,1,"Primary","Female",NA,NA,"Matched","enrollment",NA,"T2","T_Other"
"632","brca_tcga_pub","TCGA-D8-A1XY-01",74,"Breast Cancer","Invasive Breast Carcinoma",NA,"Stage IIA","Positive",0.3139,"Positive",NA,NA,NA,"M0","Negative",2,4,NA,"N0","Negative","BRCA",2.66,"0:LIVING",NA,"Positive",NA,1,"Primary","Female",NA,NA,"Matched","enrollment",NA,"T2","T_Other"
"633","brca_tcga_pub","TCGA-D8-A1XZ-01",81,"Breast Cancer","Invasive Breast Carcinoma",1,"Stage IIIA","Positive",0.356,"Negative",NA,NA,NA,"M0","Negative",4,5,NA,"N2","Positive","BRCA",3.94,"0:LIVING",NA,"Negative",NA,1,"Primary","Female",NA,NA,"Matched","enrollment",NA,"T1","T1"
"634","brca_tcga_pub","TCGA-D8-A1Y0-01",65,"Breast Cancer","Invasive Breast Carcinoma",5,"Stage IIIA","Positive",0.3854,"Negative",NA,NA,NA,"M0","Negative",4,7,NA,"N2","Positive","BRCA",5.45,"0:LIVING",NA,"Positive",NA,1,"Primary","Female",NA,NA,"Matched","enrollment",NA,"T1","T1"
"635","brca_tcga_pub","TCGA-D8-A1Y1-01",80,"Breast Cancer","Invasive Breast Carcinoma",2,"Stage IIIA","Positive",0.5329,"Negative",NA,NA,NA,"M0","Negative",4,7,NA,"N1","Positive","BRCA",3.78,"0:LIVING",NA,"Positive",NA,1,"Primary","Female",NA,NA,"Matched","enrollment",NA,"T3","T_Other"
"636","brca_tcga_pub","TCGA-D8-A1Y2-01",71,"Breast Cancer","Invasive Breast Carcinoma",4,"Stage IIA","Positive",0.3094,"Negative",NA,NA,NA,"M0","Negative",1,NA,NA,"N0","Negative","BRCA",2.37,"0:LIVING",NA,"Positive",NA,1,"Primary","Female",NA,NA,"Matched","enrollment",NA,"T2","T_Other"
"637","brca_tcga_pub","TCGA-D8-A1Y3-01",61,"Breast Cancer","Invasive Breast Carcinoma",4,"Stage IIIA","Positive",0.612,"Negative",NA,NA,NA,"M0","Negative",3,NA,NA,"N2","Positive","BRCA",4.07,"0:LIVING",NA,"Positive",NA,1,"Primary","Female",NA,NA,"Matched","enrollment",NA,"T2","T_Other"
"638","brca_tcga_pub","TCGA-D8-A27E-01",66,"Breast Cancer","Invasive Breast Carcinoma",NA,"Stage I","Positive",1e-04,"Negative",NA,NA,NA,"M0","Negative",5,NA,NA,"N0","Negative","BRCA",5.98,"0:LIVING",NA,"Positive",NA,1,"Primary","Female",NA,NA,"Matched","enrollment",NA,"T1","T1"
"639","brca_tcga_pub","TCGA-D8-A27F-01",40,"Breast Cancer","Invasive Breast Carcinoma",1,"Stage IIA","Negative",0.6698,"Negative",NA,NA,NA,"M0","Negative",5,NA,NA,"N0","Negative","BRCA",7.46,"0:LIVING",NA,"Negative",NA,1,"Primary","Female",NA,NA,"Matched","enrollment",NA,"T2","T_Other"
"640","brca_tcga_pub","TCGA-D8-A27G-01",75,"Breast Cancer","Invasive Breast Carcinoma",2,"Stage IIA","Positive",0.1084,"Negative",NA,NA,NA,"M0","Negative",3,NA,NA,"N0","Negative","BRCA",6.87,"0:LIVING",NA,"Positive",NA,1,"Primary","Female",NA,NA,"Matched","enrollment",NA,"T2","T_Other"
"641","brca_tcga_pub","TCGA-D8-A27H-01",72,"Breast Cancer","Invasive Breast Carcinoma",1,"Stage IIA","Negative",0.4824,"Negative",NA,NA,NA,"M0","Negative",5,NA,NA,"N0","Negative","BRCA",4.6,"0:LIVING",NA,"Negative",NA,1,"Primary","Female",NA,NA,"Matched","enrollment",NA,"T2","T_Other"
"642","brca_tcga_pub","TCGA-D8-A27I-01",58,"Breast Cancer","Invasive Breast Carcinoma",3,"Stage IIIA","Positive",0.0458,"Negative",NA,NA,NA,"M0","Negative",1,NA,NA,"N2","Positive","BRCA",6.08,"0:LIVING",NA,"Positive",NA,1,"Primary","Female",NA,NA,"Matched","enrollment",NA,"T1","T1"
"643","brca_tcga_pub","TCGA-D8-A27K-01",47,"Breast Cancer","Invasive Breast Carcinoma",2,"Stage IIB","Positive",0.1153,"Negative",NA,NA,NA,"M0","Negative",1,NA,NA,"N1","Positive","BRCA",3.88,"0:LIVING",NA,"Positive",NA,1,"Primary","Female",NA,NA,"Matched","enrollment",NA,"T2","T_Other"
"644","brca_tcga_pub","TCGA-D8-A27L-01",49,"Breast Cancer","Invasive Breast Carcinoma",4,"Stage IIIA","Positive",0.1113,"Negative",NA,NA,NA,"M0","Negative",1,NA,NA,"N2","Positive","BRCA",4.11,"0:LIVING",NA,"Positive",NA,1,"Primary","Female",NA,NA,"Matched","enrollment",NA,"T1","T1"
"645","brca_tcga_pub","TCGA-D8-A27M-01",59,"Breast Cancer","Invasive Breast Carcinoma",1,"Stage I","Negative",0.2982,"Negative",NA,NA,NA,"M0","Negative",5,NA,NA,"N0","Negative","BRCA",4.73,"0:LIVING",NA,"Negative",NA,1,"Primary","Female",NA,NA,"Matched","enrollment",NA,"T1","T1"
"646","brca_tcga_pub","TCGA-D8-A27N-01",36,"Breast Cancer","Invasive Breast Carcinoma",5,"Stage IIIA","Positive",0.2527,"Positive",NA,NA,NA,"M0","Negative",4,NA,NA,"N2","Positive","BRCA",4.76,"0:LIVING",NA,"Positive",NA,1,"Primary","Female",NA,NA,"Matched","enrollment",NA,"T2","T_Other"
"647","brca_tcga_pub","TCGA-D8-A27P-01",64,"Breast Cancer","Invasive Breast Carcinoma",2,"Stage I","Positive",0.0485,"Negative",NA,NA,NA,"M0","Negative",2,NA,NA,"N0","Negative","BRCA",0.72,"0:LIVING",NA,"Positive",NA,1,"Primary","Female",NA,NA,"Matched","enrollment",NA,"T1","T1"
"648","brca_tcga_pub","TCGA-D8-A27R-01",41,"Breast Cancer","Invasive Breast Carcinoma",5,"Stage IIIC","Positive",0.3549,"Negative",NA,NA,NA,"M0","Negative",1,NA,NA,"N3","Positive","BRCA",2.96,"0:LIVING",NA,"Positive",NA,1,"Primary","Female",NA,NA,"Matched","enrollment",NA,"T2","T_Other"
"649","brca_tcga_pub","TCGA-D8-A27T-01",53,"Breast Cancer","Invasive Breast Carcinoma",2,"Stage IIIC","Positive",0.1924,"Negative",NA,NA,NA,"M0","Negative",4,NA,NA,"N3","Positive","BRCA",4.44,"0:LIVING",NA,"Positive",NA,1,"Primary","Female",NA,NA,"Matched","enrollment",NA,"T2","T_Other"
"650","brca_tcga_pub","TCGA-D8-A27V-01",62,"Breast Cancer","Invasive Breast Carcinoma",2,"Stage IIA","Positive",0.3774,"Negative",NA,NA,NA,"M0","Negative",4,NA,NA,"N0","Negative","BRCA",2.4,"0:LIVING",NA,"Positive",NA,1,"Primary","Female",NA,NA,"Matched","enrollment",NA,"T2","T_Other"
"651","brca_tcga_pub","TCGA-D8-A27W-01",55,"Breast Cancer","Invasive Breast Carcinoma",3,"Stage IIIB","Positive",0.4452,"Positive",NA,NA,NA,"M0","Negative",4,NA,NA,"N0","Negative","BRCA",0.49,"0:LIVING",NA,"Positive",NA,1,"Primary","Female",NA,NA,"Matched","enrollment",NA,"T4","T_Other"
"652","brca_tcga_pub","TCGA-E2-A105-01",79,"Breast Cancer","Invasive Breast Carcinoma",5,"Stage IIA","Positive",0.1353,"Equivocal",NA,NA,NA,"M0","Negative",3,1,52,"N0","Negative","BRCA",38.21,"0:LIVING","Luminal A","Positive",NA,1,"Primary","Female",-10,-3,"Matched","enrollment",1.733333333,"T2","T_Other"
"653","brca_tcga_pub","TCGA-E2-A106-01",34,"Breast Cancer","Invasive Breast Carcinoma",4,"No_Conversion","Positive",NA,"Negative",NA,NA,NA,"M0","Negative",4,4,NA,"N1","Positive","BRCA",59.37,"0:LIVING","Luminal A","Positive",NA,1,"Primary","Female",0,-3,"Matched","followup",NA,"T1","T1"
"654","brca_tcga_pub","TCGA-E2-A107-01",54,"Breast Cancer","Invasive Breast Carcinoma",2,"No_Conversion","Positive",0.3303,"Negative",1,3,4,"M0","Negative",4,4,22,"N2","Positive","BRCA",34.37,"0:LIVING","Luminal B","Negative","LumA/B",1,"Primary","Female",0,-3,"Matched","followup",0.733333333,"T3","T_Other"
"655","brca_tcga_pub","TCGA-E2-A108-01",64,"Breast Cancer","Invasive Breast Carcinoma",4,"No_Conversion","Positive",0.0338,"Negative",1,4,3,"M0","Negative",1,4,44,"N2","Positive","BRCA",27.5,"0:LIVING","Normal-like","Positive","ReacI",1,"Primary","Female",-5,-8,"Matched","followup",1.466666667,"T2","T_Other"
"656","brca_tcga_pub","TCGA-E2-A109-01",64,"Breast Cancer","Invasive Breast Carcinoma",5,"Stage IIA","Positive",0.4427,"Negative",4,1,4,"M0","Negative",3,6,68,"N0","Negative","BRCA",46.56,"0:LIVING","Luminal B","Negative","LumA/B",1,"Primary","Female",-10,-5,"Matched","followup",2.233333333,"T2","T_Other"
"657","brca_tcga_pub","TCGA-E2-A10A-01",41,"Breast Cancer","Invasive Breast Carcinoma",2,"Stage IIB","Positive",0.2109,"Negative",3,3,4,"M0","Negative",2,1,17,"N0","Negative","BRCA",40.38,"0:LIVING","Luminal B","Positive","LumA/B",1,"Primary","Female",0,-3,"Matched","followup",0.566666667,"T3","T_Other"
"658","brca_tcga_pub","TCGA-E2-A10B-01",67,"Breast Cancer","Invasive Breast Carcinoma",3,"No_Conversion","Positive",0.2365,"Negative",1,3,3,"M0","Negative",4,4,30,"N1","Positive","BRCA",37.49,"0:LIVING","Luminal A","Positive","LumA",1,"Primary","Female",-12,-3,"Matched","followup",1,"T2","T_Other"
"659","brca_tcga_pub","TCGA-E2-A10C-01",54,"Breast Cancer","Invasive Breast Carcinoma",3,"No_Conversion","Positive",0.5337,"Negative",1,1,4,"M0","Negative",4,7,284,"N1","Positive","BRCA",40.05,"0:LIVING","Luminal B","Positive","ReacI",1,"Primary","Female",-2,-5,"Matched","followup",9.4,"T2","T_Other"
"660","brca_tcga_pub","TCGA-E2-A10E-01",64,"Breast Cancer","Invasive Breast Carcinoma",2,"No_Conversion","Positive",0.1522,"Negative",1,3,3,"M0","Negative",4,4,24,"N1","Positive","BRCA",28.42,"0:LIVING","Luminal A","Positive","LumA/B",1,"Primary","Female",-12,-3,"Matched","followup",0.8,"T1","T1"
"661","brca_tcga_pub","TCGA-E2-A10F-01",47,"Breast Cancer","Invasive Breast Carcinoma",2,"Stage IIA","Positive",0.1319,"Negative",NA,NA,NA,"M0","Negative",4,4,26,"N0","Negative","BRCA",28.85,"0:LIVING","Luminal A","Positive",NA,1,"Primary","Female",-5,-4,"Matched","followup",0.833333333,"T2","T_Other"
"662","brca_tcga_pub","TCGA-E2-A14N-01",37,"Breast Cancer","Invasive Breast Carcinoma",4,"Stage IIB","Negative",0.0848,"Negative",NA,NA,NA,"M0","Negative",5,6,47,"N1","Positive","BRCA",44.35,"0:LIVING","Basal-like","Negative",NA,1,"Primary","Female",-13,-12,"Matched","enrollment",1.6,"T2","T_Other"
"663","brca_tcga_pub","TCGA-E2-A14O-01",76,"Breast Cancer","Invasive Breast Carcinoma",2,"Stage IIIA","Positive",0.7348,"Negative",1,3,4,"M0","Negative",4,4,35,"N1","Positive","BRCA",38.51,"0:LIVING","Luminal B","Positive","LumA/B",1,"Primary","Female",0,-3,"Matched","enrollment",1.166666667,"T3","T_Other"
"664","brca_tcga_pub","TCGA-E2-A14P-01",79,"Breast Cancer","Invasive Breast Carcinoma",3,"Stage IIIC","Negative",0.2736,"Positive",1,1,1,"M0","Negative",1,4,57,"N3","Positive","BRCA",16,"0:LIVING","HER2-enriched","Negative","Her2",1,"Primary","Female",-11,-5,"Matched","enrollment",1.9,"T2","T_Other"
"665","brca_tcga_pub","TCGA-E2-A14Q-01",50,"Breast Cancer","Invasive Breast Carcinoma",2,"Stage IIB","Positive",0.1835,"Negative",3,4,3,"M0","Negative",2,2,25,"N1","Positive","BRCA",32,"0:LIVING","Luminal A","Positive","LumA",1,"Primary","Female",0,-7,"Matched","enrollment",0.8,"T2","T_Other"
"666","brca_tcga_pub","TCGA-E2-A14R-01",62,"Breast Cancer","Invasive Breast Carcinoma",1,"Stage IIA","Negative",0.7127,"Negative",NA,NA,NA,"M0","Negative",5,5,110,"N0","Negative","BRCA",27.76,"0:LIVING","Basal-like","Negative",NA,1,"Primary","Female",-13,-12,"Matched","enrollment",3.7,"T2","T_Other"
"667","brca_tcga_pub","TCGA-E2-A14S-01",65,"Breast Cancer","Invasive Breast Carcinoma",4,"Stage I","Positive",0.2502,"Negative",1,3,4,"M0","Negative",4,2,78,"N0","Negative","BRCA",27.4,"0:LIVING","Luminal B","Positive","LumA/B",1,"Primary","Female",-10,-3,"Matched","enrollment",2.633333333,"T1","T1"
"668","brca_tcga_pub","TCGA-E2-A14T-01",52,"Breast Cancer","Invasive Breast Carcinoma",NA,"Stage IIA","Positive",NA,"Negative",NA,NA,NA,"M0","Negative",2,1,30,"N0","Negative","BRCA",29.24,"0:LIVING","Luminal A","Positive","LumA/B",1,"Primary","Female",0,-3,"Matched","enrollment",1,"T2","T_Other"
"669","brca_tcga_pub","TCGA-E2-A14V-01",53,"Breast Cancer","Invasive Breast Carcinoma",5,"Stage IIB","Positive",0.38,"Positive",1,1,1,"M0","Negative",4,4,66,"N1","Positive","BRCA",24.58,"0:LIVING","HER2-enriched","Positive","Her2",1,"Primary","Female",-1,-5,"Matched","enrollment",2.2,"T2","T_Other"
"670","brca_tcga_pub","TCGA-E2-A14W-01",78,"Breast Cancer","Invasive Breast Carcinoma",5,"Stage IIA","Positive",0.3133,"Positive",3,3,4,"M0","Negative",2,7,80,"N0","Negative","BRCA",27.37,"0:LIVING","Luminal B","Positive","Her2",1,"Primary","Female",0,-3,"Matched","enrollment",2.666666667,"T2","T_Other"
"671","brca_tcga_pub","TCGA-E2-A14X-01",55,"Breast Cancer","Invasive Breast Carcinoma",4,"Stage IIIA","Negative",0.332,"Negative",3,2,2,"M0","Negative",5,3,18,"N2","Positive","BRCA",22.74,"0:LIVING","Basal-like","Negative","ReacII",1,"Primary","Female",-13,-12,"Matched","enrollment",0.533333333,"T2","T_Other"
"672","brca_tcga_pub","TCGA-E2-A14Y-01",35,"Breast Cancer","Invasive Breast Carcinoma",2,"Stage IIA","Positive",0.2263,"Positive",3,3,3,"M0","Negative",2,5,24,"N0","Negative","BRCA",22.6,"0:LIVING","Basal-like","Positive","ReacII",1,"Primary","Female",-13,0,"Matched","enrollment",0.966666667,"T2","T_Other"
"673","brca_tcga_pub","TCGA-E2-A14Z-01",64,"Breast Cancer","Invasive Breast Carcinoma",1,"Stage I","Positive",0.4779,"Negative",3,2,3,"M0","Negative",1,6,47,"N0","Negative","BRCA",17.02,"0:LIVING","Luminal A","Positive","LumA",1,"Primary","Female",0,-2,"Matched","enrollment",1.566666667,"T1","T1"
"674","brca_tcga_pub","TCGA-E2-A150-01",48,"Breast Cancer","Invasive Breast Carcinoma",1,"Stage IIA","Negative",0.671,"Negative",2,2,2,"M0","Negative",5,3,35,"N0","Negative","BRCA",19.42,"0:LIVING","Basal-like","Negative","X",1,"Primary","Female",-13,-12,"Matched","enrollment",1.166666667,"T2","T_Other"
"675","brca_tcga_pub","TCGA-E2-A152-01",56,"Breast Cancer","Invasive Breast Carcinoma",1,"Stage I","Positive",0.6421,"Positive",2,2,1,"M0","Negative",1,5,98,"N0","Negative","BRCA",19.32,"0:LIVING","HER2-enriched","Negative","Her2",1,"Primary","Female",-1,-5,"Matched","enrollment",3.233333333,"T1","T1"
"676","brca_tcga_pub","TCGA-E2-A153-01",51,"Breast Cancer","Invasive Breast Carcinoma",2,"Stage IIA","Positive",0.1942,"Negative",3,3,3,"M0","Negative",1,4,20,"N1","Positive","BRCA",19.25,"0:LIVING","Luminal A","Positive","LumA",1,"Primary","Female",-12,-3,"Matched","enrollment",0.666666667,"T1","T1"
"677","brca_tcga_pub","TCGA-E2-A154-01",68,"Breast Cancer","Invasive Breast Carcinoma",2,"Stage I","Positive",0.3826,"Negative",3,3,3,"M0","Negative",4,6,31,"N0","Negative","BRCA",10.68,"0:LIVING","Luminal A","Positive","LumA",1,"Primary","Female",-12,-3,"Matched","enrollment",1.066666667,"T1","T1"
"678","brca_tcga_pub","TCGA-E2-A155-01",58,"Breast Cancer","Invasive Breast Carcinoma",1,"Stage IIB","Positive",0.2209,"Negative",4,3,4,"M0","Negative",3,5,43,"N1","Positive","BRCA",18.17,"0:LIVING","Luminal B","Negative","LumA/B",1,"Primary","Female",-10,-3,"Matched","enrollment",1.433333333,"T2","T_Other"
"679","brca_tcga_pub","TCGA-E2-A156-01",61,"Breast Cancer","Invasive Breast Carcinoma",2,"Stage I","Positive",0.0482,"Negative",3,3,3,"M0","Negative",2,2,22,"N0","Negative","BRCA",15.8,"0:LIVING","Luminal A","Positive","LumA",1,"Primary","Female",-12,-3,"Matched","enrollment",0.733333333,"T1","T1"
"680","brca_tcga_pub","TCGA-E2-A158-01",43,"Breast Cancer","Invasive Breast Carcinoma",1,"Stage IIA","Negative",0.4764,"Negative",2,2,2,"M0","Negative",5,5,68,"N1","Positive","BRCA",14.78,"0:LIVING","Basal-like","Negative","Basal",1,"Primary","Female",-13,0,"Matched","enrollment",2.4,"T1","T1"
"681","brca_tcga_pub","TCGA-E2-A159-01",50,"Breast Cancer","Invasive Breast Carcinoma",1,"Stage IIA","Negative",0.3468,"Negative",2,2,2,"M0","Negative",5,3,115,"N0","Negative","BRCA",16.92,"0:LIVING","Basal-like","Negative","Basal",1,"Primary","Female",-13,-10,"Matched","enrollment",3.9,"T2","T_Other"
"682","brca_tcga_pub","TCGA-E2-A15A-01",45,"Breast Cancer","Invasive Breast Carcinoma",4,"Stage IIIC","Positive",0.4767,"Negative",1,1,4,"M0","Negative",4,4,48,"N3","Positive","BRCA",16.49,"0:LIVING","Luminal B","Positive","Her2",1,"Primary","Female",-2,-5,"Matched","enrollment",2.333333333,"T2","T_Other"
"683","brca_tcga_pub","TCGA-E2-A15C-01",61,"Breast Cancer","Invasive Breast Carcinoma",4,"Stage I","Positive",0.1347,"Negative",3,3,3,"M0","Negative",2,2,25,"N0","Negative","BRCA",16.3,"0:LIVING","Luminal A","Positive","ReacI",1,"Primary","Female",-5,-4,"Matched","enrollment",0.833333333,"T1","T1"
"684","brca_tcga_pub","TCGA-E2-A15D-01",47,"Breast Cancer","Invasive Breast Carcinoma",NA,"Stage IIA","Positive",NA,"Negative",NA,NA,NA,"M0","Negative",1,4,27,"N0","Negative","BRCA",10.35,"0:LIVING","Luminal A","Positive","LumA",1,"Primary","Female",-5,-3,"Matched","enrollment",0.9,"T2","T_Other"
"685","brca_tcga_pub","TCGA-E2-A15E-01",40,"Breast Cancer","Invasive Breast Carcinoma",4,"Stage IIA","Positive",0.2998,"Positive",3,4,3,"M0","Negative",2,6,35,"N1","Positive","BRCA",16.99,"0:LIVING","Luminal A","Positive","Her2",1,"Primary","Female",-5,-7,"Matched","enrollment",1.933333333,"T1","T1"
"686","brca_tcga_pub","TCGA-E2-A15F-01",64,"Breast Cancer","Invasive Breast Carcinoma",NA,"Stage IIA","Positive",NA,"Negative",NA,NA,NA,"M0","Negative",2,4,19,"N0","Negative","BRCA",15.38,"0:LIVING","Luminal A","Positive","ReacI",1,"Primary","Female",-3,-3,"Matched","enrollment",0.633333333,"T2","T_Other"
"687","brca_tcga_pub","TCGA-E2-A15G-01",76,"Breast Cancer","Invasive Breast Carcinoma",2,"Stage IIA","Positive",0.0763,"Negative",3,3,3,"M0","Negative",1,1,39,"N0","Negative","BRCA",10.35,"0:LIVING","Luminal A","Positive","LumA",1,"Primary","Female",-12,-3,"Matched","enrollment",1.3,"T2","T_Other"
"688","brca_tcga_pub","TCGA-E2-A15H-01",38,"Breast Cancer","Invasive Breast Carcinoma",2,"Stage IIA","Positive",0.1888,"Positive",3,1,3,"M0","Negative",2,4,25,"N1","Positive","BRCA",1.38,"0:LIVING","Luminal A","Positive","Her2",1,"Primary","Female",0,0,"Matched","enrollment",0.833333333,"T1","T1"
"689","brca_tcga_pub","TCGA-E2-A15I-01",44,"Breast Cancer","Invasive Breast Carcinoma",2,"Stage IIA","Positive",0.1498,"Negative",NA,NA,NA,"M0","Negative",2,7,12,"N0","Negative","BRCA",13.5,"0:LIVING","Luminal A","Positive",NA,1,"Primary","Female",-5,-7,"Matched","enrollment",0.4,"T2","T_Other"
"690","brca_tcga_pub","TCGA-E2-A15J-01",51,"Breast Cancer","Invasive Breast Carcinoma",2,"Stage I","Positive",0.1094,"Negative",1,3,3,"M0","Negative",4,4,22,"N0","Negative","BRCA",15.21,"0:LIVING","Luminal A","Positive","LumA/B",1,"Primary","Female",-12,-3,"Matched","enrollment",0.7,"T1","T1"
"691","brca_tcga_pub","TCGA-E2-A15K-01",58,"Breast Cancer","Invasive Breast Carcinoma",2,"Stage IIB","Positive",0.1946,"Negative",3,3,4,"M0","Negative",2,4,45,"N1","Positive","BRCA",1.12,"0:LIVING","Luminal B","Positive","LumA",1,"Primary","Female",-12,-3,"Matched","enrollment",2.866666667,"T2","T_Other"
"692","brca_tcga_pub","TCGA-E2-A15L-01",65,"Breast Cancer","Invasive Breast Carcinoma",2,"Stage IIA","Positive",0.1145,"Negative",NA,NA,NA,"M0","Negative",2,NA,26,"N0","Negative","BRCA",10.87,"0:LIVING","Luminal B","Positive","ReacI",1,"Primary","Female",-12,-3,"Matched","enrollment",0.9,"T2","T_Other"
"693","brca_tcga_pub","TCGA-E2-A15M-01",66,"Breast Cancer","Invasive Breast Carcinoma",3,"Stage IIA","Positive",0.2774,"Negative",3,4,3,"M0","Negative",1,6,56,"N0","Negative","BRCA",7.69,"0:LIVING","Luminal B","Positive","ReacI",1,"Primary","Female",-4,-4,"Matched","enrollment",2.1,"T2","T_Other"
"694","brca_tcga_pub","TCGA-E2-A15O-01",89,"Breast Cancer","Invasive Breast Carcinoma",4,"Stage IIA","Positive",0.2935,"Negative",1,3,3,"M0","Negative",4,2,34,"N0","Negative","BRCA",12.98,"0:LIVING","Luminal A","Positive","LumA",1,"Primary","Female",0,-3,"Matched","enrollment",1.1,"T2","T_Other"
"695","brca_tcga_pub","TCGA-E2-A15P-01",61,"Breast Cancer","Invasive Breast Carcinoma",2,"Stage I","Positive",0.1936,"Negative",3,4,3,"M0","Negative",2,2,37,"N0","Negative","BRCA",10.35,"0:LIVING","Luminal A","Positive","ReacI",1,"Primary","Female",-5,-7,"Matched","enrollment",1.2,"T1","T1"
"696","brca_tcga_pub","TCGA-E2-A15R-01",64,"Breast Cancer","Invasive Breast Carcinoma",4,"Stage IIA","Positive",0.3571,"Negative",4,3,3,"M0","Negative",3,5,33,"N1","Positive","BRCA",10.84,"0:LIVING","Luminal A","Positive","LumA/B",1,"Primary","Female",-10,-3,"Matched","enrollment",1.1,"T1","T1"
"697","brca_tcga_pub","TCGA-E2-A15S-01",34,"Breast Cancer","Invasive Breast Carcinoma",NA,"Stage IIB","Positive",NA,"Negative",NA,NA,NA,"M0","Negative",4,6,35,"N1","Positive","BRCA",9,"0:LIVING","Luminal B","Negative","LumA/B",1,"Primary","Female",-10,-3,"Matched","enrollment",1.166666667,"T2","T_Other"
"698","brca_tcga_pub","TCGA-E2-A15T-01",65,"Breast Cancer","Invasive Breast Carcinoma",NA,"Stage IIA","Positive",NA,"Negative",NA,NA,NA,"M0","Negative",4,2,36,"N0","Negative","BRCA",8.77,"0:LIVING","Luminal B","Positive","LumA/B",1,"Primary","Female",-10,-3,"Matched","enrollment",1.2,"T2","T_Other"
"699","brca_tcga_pub","TCGA-E2-A1AZ-01",63,"Breast Cancer","Invasive Breast Carcinoma",4,"Stage IIB","Negative",0.2665,"Negative",NA,NA,NA,"M0","Negative",5,NA,37,"N1","Positive","BRCA",64.53,"0:LIVING","Basal-like","Negative","Basal",1,"Primary","Female",-13,-12,"Matched","enrollment",1.266666667,"T2","T_Other"
"700","brca_tcga_pub","TCGA-E2-A1B0-01",50,"Breast Cancer","Invasive Breast Carcinoma",3,"Stage IIIA","Negative",0.2357,"Positive",1,2,2,"M0","Negative",5,4,30,"N2","Positive","BRCA",41.76,"0:LIVING","HER2-enriched","Negative","ReacI",1,"Primary","Female",-13,-10,"Matched","enrollment",1,"T2","T_Other"
"701","brca_tcga_pub","TCGA-E2-A1B1-01",45,"Breast Cancer","Invasive Breast Carcinoma",3,"Stage IIB","Positive",0.0269,"Positive",1,2,3,"M0","Negative",5,4,12,"N1","Positive","BRCA",44.72,"0:LIVING","Luminal A","Positive","ReacI",1,"Primary","Female",-5,-7,"Matched","enrollment",0.4,"T2","T_Other"
"702","brca_tcga_pub","TCGA-E2-A1B4-01",74,"Breast Cancer","Invasive Breast Carcinoma",2,"Stage IIIA","Positive",0.0302,"Negative",3,3,3,"M0","Negative",2,6,34,"N2","Positive","BRCA",29.93,"0:LIVING","Luminal A","Positive","LumA/B",1,"Primary","Female",-12,-3,"Matched","enrollment",1.133333333,"T1","T1"
"703","brca_tcga_pub","TCGA-E2-A1B5-01",46,"Breast Cancer","Invasive Breast Carcinoma",3,"Stage IIA","Positive",0.0291,"Negative",3,4,3,"M0","Negative",1,6,13,"N0","Negative","BRCA",25.43,"0:LIVING","Basal-like","Positive","ReacI",1,"Primary","Female",-13,-12,"Matched","enrollment",0.533333333,"T2","T_Other"
"704","brca_tcga_pub","TCGA-E2-A1B6-01",44,"Breast Cancer","Invasive Breast Carcinoma",1,"Stage IIA","Negative",2e-04,"Negative",2,2,2,"M0","Negative",5,6,11,"N0","Negative","BRCA",11.1,"0:LIVING","Luminal A","Negative","Basal",1,"Primary","Female",-5,-7,"Matched","enrollment",0.366666667,"T2","T_Other"
"705","brca_tcga_pub","TCGA-E2-A1BC-01",63,"Breast Cancer","Invasive Breast Carcinoma",2,"Stage I","Positive",0.1381,"Negative",3,4,3,"M0","Negative",2,6,23,"N0","Negative","BRCA",9.76,"0:LIVING","Luminal A","Positive","ReacI",1,"Primary","Female",-5,-7,"Matched","enrollment",1,"T1","T1"
"706","brca_tcga_pub","TCGA-E2-A1BD-01",53,"Breast Cancer","Invasive Breast Carcinoma",2,"Stage IIA","Positive",0.4632,"Negative",3,3,3,"M0","Negative",4,6,24,"N0","Negative","BRCA",10.42,"0:LIVING","Luminal A","Positive","LumA",1,"Primary","Female",-7,-3,"Matched","enrollment",0.8,"T2","T_Other"
"707","brca_tcga_pub","TCGA-E2-A1IE-01",61,"Breast Cancer","Invasive Breast Carcinoma",5,"Stage IIB","Positive",0.2631,"Negative",NA,NA,NA,"M0","Negative",3,6,NA,"N1","Positive","BRCA",32.3,"0:LIVING",NA,"Positive",NA,1,"Primary","Female",NA,NA,"Matched","enrollment",NA,"T2","T_Other"
"708","brca_tcga_pub","TCGA-E2-A1IF-01",74,"Breast Cancer","Invasive Breast Carcinoma",2,"Stage I","Positive",0.118,"Negative",NA,NA,NA,"M0","Negative",5,6,NA,"N0","Negative","BRCA",31.41,"0:LIVING",NA,"Positive",NA,1,"Primary","Female",NA,NA,"Matched","enrollment",NA,"T1","T1"
"709","brca_tcga_pub","TCGA-E2-A1IG-01",45,"Breast Cancer","Invasive Breast Carcinoma",5,"Stage IIB","Positive",0.1263,NA,NA,NA,NA,"M0","Negative",4,4,NA,"N1","Positive","BRCA",24.81,"0:LIVING",NA,"Positive",NA,1,"Primary","Female",NA,NA,"Matched","enrollment",NA,"T2","T_Other"
"710","brca_tcga_pub","TCGA-E2-A1IH-01",80,"Breast Cancer","Invasive Breast Carcinoma",2,"Stage I","Positive",0.3813,"Negative",NA,NA,NA,"M0","Negative",2,6,NA,"N0","Negative","BRCA",21.62,"0:LIVING",NA,"Positive",NA,1,"Primary","Female",NA,NA,"Matched","enrollment",NA,"T1","T1"
"711","brca_tcga_pub","TCGA-E2-A1II-01",51,"Breast Cancer","Invasive Breast Carcinoma",2,"Stage I","Negative",0.5139,"Negative",NA,NA,NA,"M0","Negative",5,5,NA,"N0","Negative","BRCA",27.93,"0:LIVING",NA,"Positive",NA,1,"Primary","Female",NA,NA,"Matched","enrollment",NA,"T1","T1"
"712","brca_tcga_pub","TCGA-E2-A1IJ-01",57,"Breast Cancer","Invasive Breast Carcinoma",3,"Stage I","Positive",0.1163,"Negative",NA,NA,NA,"M0","Negative",4,4,NA,"N0","Negative","BRCA",23.82,"0:LIVING",NA,"Positive",NA,1,"Primary","Female",NA,NA,"Matched","enrollment",NA,"T1","T1"
"713","brca_tcga_pub","TCGA-E2-A1IK-01",71,"Breast Cancer","Invasive Breast Carcinoma",1,"Stage IIA","Positive",0,"Negative",NA,NA,NA,"M0","Negative",1,7,NA,"N1","Positive","BRCA",17.02,"0:LIVING",NA,"Positive",NA,1,"Primary","Female",NA,NA,"Matched","enrollment",NA,"T1","T1"
"714","brca_tcga_pub","TCGA-E2-A1IL-01",78,"Breast Cancer","Invasive Breast Carcinoma",2,"Stage IIA","Positive",0.1685,"Negative",NA,NA,NA,"M0","Negative",2,6,NA,"N1","Positive","BRCA",0.46,"0:LIVING",NA,"Positive",NA,1,"Primary","Female",NA,NA,"Matched","enrollment",NA,"T1","T1"
"715","brca_tcga_pub","TCGA-E2-A1IN-01",60,"Breast Cancer","Invasive Breast Carcinoma",4,"Stage I","Positive",0.449,"Negative",NA,NA,NA,"M0","Negative",2,2,NA,"N0","Negative","BRCA",12.88,"0:LIVING",NA,"Positive",NA,1,"Primary","Female",NA,NA,"Matched","enrollment",NA,"T1","T1"
"716","brca_tcga_pub","TCGA-E2-A1IO-01",37,"Breast Cancer","Invasive Breast Carcinoma",1,"Stage I","Positive",0.4112,"Negative",NA,NA,NA,"M0","Negative",1,4,NA,"N0","Negative","BRCA",14.72,"0:LIVING",NA,"Positive",NA,1,"Primary","Female",NA,NA,"Matched","enrollment",NA,"T1","T1"
"717","brca_tcga_pub","TCGA-E2-A1IP-01",42,"Breast Cancer","Invasive Breast Carcinoma",NA,"Stage IIB","Positive",NA,"Negative",NA,NA,NA,"M0","Negative",NA,NA,NA,"N1","Positive","BRCA",14.03,"0:LIVING",NA,"Negative",NA,1,"Primary","Female",NA,NA,"Matched","enrollment",NA,"T2","T_Other"
"718","brca_tcga_pub","TCGA-E2-A1IU-01",60,"Breast Cancer","Invasive Breast Carcinoma",2,"Stage I","Positive",0.0515,"Negative",NA,NA,NA,"M0","Negative",1,2,NA,"N0","Negative","BRCA",4.17,"0:LIVING",NA,"Positive",NA,1,"Primary","Female",NA,NA,"Matched","enrollment",NA,"T1","T1"
"719","brca_tcga_pub","TCGA-E2-A1L6-01",44,"Breast Cancer","Invasive Breast Carcinoma",2,"Stage IIA","Positive",0.1288,"Negative",NA,NA,NA,"M0","Negative",4,7,NA,"N1","Positive","BRCA",43.11,"0:LIVING",NA,"Positive",NA,1,"Primary","Female",NA,NA,"Matched","enrollment",NA,"T1","T1"
"720","brca_tcga_pub","TCGA-E2-A1L7-01",40,"Breast Cancer","Invasive Breast Carcinoma",1,"Stage IIIA","Negative",0.4586,"Negative",NA,NA,NA,"M0","Negative",2,5,NA,"N2","Positive","BRCA",20.8,"0:LIVING",NA,"Negative",NA,1,"Primary","Female",NA,NA,"Matched","enrollment",NA,"T2","T_Other"
"721","brca_tcga_pub","TCGA-E2-A1L8-01",52,"Breast Cancer","Invasive Breast Carcinoma",2,"Stage IIB","Positive",0.1645,"Negative",NA,NA,NA,"M0","Negative",4,6,NA,"N1","Positive","BRCA",33.35,"0:LIVING",NA,"Positive",NA,1,"Primary","Female",NA,NA,"Matched","enrollment",NA,"T2","T_Other"
"722","brca_tcga_pub","TCGA-E2-A1L9-01",40,"Breast Cancer","Invasive Breast Carcinoma",3,"Stage IIA","Positive",0.0944,"Negative",NA,NA,NA,"M0","Negative",1,6,NA,"N1","Positive","BRCA",12.75,"0:LIVING",NA,"Positive",NA,1,"Primary","Female",NA,NA,"Matched","enrollment",NA,"T1","T1"
"723","brca_tcga_pub","TCGA-E2-A1LA-01",59,"Breast Cancer","Invasive Breast Carcinoma",5,"Stage IIA","Positive",0.3391,"Negative",NA,NA,NA,"M0","Negative",2,2,NA,"N1","Positive","BRCA",15.21,"0:LIVING",NA,"Positive",NA,1,"Primary","Female",NA,NA,"Matched","enrollment",NA,"T1","T1"
"724","brca_tcga_pub","TCGA-E2-A1LB-01",41,"Breast Cancer","Invasive Breast Carcinoma",1,"Stage IIB","Negative",0.1072,"Positive",NA,NA,NA,"M0","Negative",4,3,NA,"N1","Positive","BRCA",31.94,"0:LIVING",NA,"Negative",NA,1,"Primary","Female",NA,NA,"Matched","enrollment",NA,"T2","T_Other"
"725","brca_tcga_pub","TCGA-E2-A1LG-01",50,"Breast Cancer","Invasive Breast Carcinoma",2,"Stage IIA","Negative",0.5605,"Negative",NA,NA,NA,"M0","Negative",5,5,NA,"N0","Negative","BRCA",11.5,"0:LIVING",NA,"Negative",NA,1,"Primary","Female",NA,NA,"Matched","enrollment",NA,"T2","T_Other"
"726","brca_tcga_pub","TCGA-E2-A1LH-01",59,"Breast Cancer","Invasive Breast Carcinoma",3,"Stage I","Negative",0.1889,"Negative",NA,NA,NA,"M0","Negative",5,NA,NA,"N0","Negative","BRCA",94.46,"0:LIVING",NA,"Negative",NA,1,"Primary","Female",NA,NA,"Matched","enrollment",NA,"T1","T1"
"727","brca_tcga_pub","TCGA-E2-A1LI-01",57,"Breast Cancer","Invasive Breast Carcinoma",3,"Stage IIB","Negative",0.4015,"Negative",NA,NA,NA,"M0","Negative",4,NA,NA,"N1","Positive","BRCA",90.35,"0:LIVING",NA,"Negative",NA,1,"Primary","Female",NA,NA,"Matched","enrollment",NA,"T2","T_Other"
"728","brca_tcga_pub","TCGA-E2-A1LK-01",84,"Breast Cancer","Invasive Breast Carcinoma",4,"Stage IIIA","Negative",0.3805,"Negative",NA,NA,NA,"M0","Negative",3,5,NA,"N1","Positive","BRCA",8.74,"1:DECEASED",NA,"Negative",NA,1,"Primary","Female",NA,NA,"Matched","enrollment",NA,"T3","T_Other"
"729","brca_tcga_pub","TCGA-E2-A1LL-01",73,"Breast Cancer","Invasive Breast Carcinoma",1,"Stage IIIA","Negative",0.3672,"Negative",NA,NA,NA,"M0","Negative",1,4,NA,"N2","Positive","BRCA",33.31,"0:LIVING",NA,"Negative",NA,1,"Primary","Female",NA,NA,"Matched","enrollment",NA,"T3","T_Other"
"730","brca_tcga_pub","TCGA-E2-A1LS-01",46,"Breast Cancer","Invasive Breast Carcinoma",NA,"Stage I","Negative",NA,"Negative",NA,NA,NA,"M0","Negative",3,NA,NA,"N0","Negative","BRCA",7.85,"0:LIVING",NA,"Negative",NA,1,"Primary","Female",NA,NA,"Matched","enrollment",NA,"T1","T1"
"731","brca_tcga_pub","TCGA-E9-A1N3-01",70,"Breast Cancer","Invasive Breast Carcinoma",1,"Stage IIIA","Not Performed",0.0779,"Negative",NA,NA,NA,"M0","Negative",4,NA,NA,"N2","Positive","BRCA",0,"0:LIVING",NA,"Not Performed",NA,1,"Primary","Female",NA,NA,"Matched","enrollment",NA,"T1","T1"
"732","brca_tcga_pub","TCGA-E9-A1N4-01",41,"Breast Cancer","Invasive Breast Carcinoma",2,"Stage IIIA","Positive",0.1888,"Negative",NA,NA,NA,"M0","Negative",2,7,NA,"N2","Positive","BRCA",0,"0:LIVING",NA,"Positive",NA,1,"Primary","Female",NA,NA,"Matched","enrollment",NA,"T2","T_Other"
"733","brca_tcga_pub","TCGA-E9-A1N5-01",45,"Breast Cancer","Invasive Breast Carcinoma",5,"Stage IIB","Positive",0.1846,"Negative",NA,NA,NA,"M0","Negative",4,2,NA,"N1","Positive","BRCA",0,"0:LIVING",NA,"Positive",NA,1,"Primary","Female",NA,NA,"Matched","enrollment",NA,"T2","T_Other"
"734","brca_tcga_pub","TCGA-E9-A1N6-01",52,"Breast Cancer","Invasive Breast Carcinoma",5,"Stage IIB","Positive",0.2459,"Positive",NA,NA,NA,"M0","Negative",4,4,NA,"N1","Positive","BRCA",0,"0:LIVING",NA,"Positive",NA,1,"Primary","Female",NA,NA,"Matched","enrollment",NA,"T2","T_Other"
"735","brca_tcga_pub","TCGA-E9-A1N8-01",48,"Breast Cancer","Invasive Breast Carcinoma",1,"Stage IIA","Negative",0.7276,"Negative",NA,NA,NA,"M0","Negative",5,5,NA,"N0","Negative","BRCA",0,"0:LIVING",NA,"Not Performed",NA,1,"Primary","Female",NA,NA,"Matched","enrollment",NA,"T2","T_Other"
"736","brca_tcga_pub","TCGA-E9-A1N9-01",58,"Breast Cancer","Invasive Breast Carcinoma",4,"Stage IIA","Negative",0.4243,"Negative",NA,NA,NA,"M0","Negative",1,5,NA,"N0","Negative","BRCA",0,"0:LIVING",NA,"Positive",NA,1,"Primary","Female",NA,NA,"Matched","enrollment",NA,"T2","T_Other"
"737","brca_tcga_pub","TCGA-E9-A1NA-01",58,"Breast Cancer","Invasive Breast Carcinoma",5,"Stage IIA","Positive",0.3875,"Negative",NA,NA,NA,"M0","Negative",3,4,NA,"N0","Negative","BRCA",0,"0:LIVING",NA,"Positive",NA,1,"Primary","Female",NA,NA,"Matched","enrollment",NA,"T2","T_Other"
"738","brca_tcga_pub","TCGA-E9-A1NC-01",61,"Breast Cancer","Invasive Breast Carcinoma",1,"Stage IIB","Negative",0.423,"Negative",NA,NA,NA,"M0","Negative",5,NA,NA,"N1","Positive","BRCA",0,"0:LIVING",NA,"Positive",NA,1,"Primary","Female",NA,NA,"Matched","enrollment",NA,"T2","T_Other"
"739","brca_tcga_pub","TCGA-E9-A1ND-01",75,"Breast Cancer","Invasive Breast Carcinoma",1,"Stage IIB","Negative",0.1313,"Negative",NA,NA,NA,"M0","Negative",5,5,NA,"N1","Positive","BRCA",0,"0:LIVING",NA,"Negative",NA,1,"Primary","Female",NA,NA,"Matched","enrollment",NA,"T2","T_Other"
"740","brca_tcga_pub","TCGA-E9-A1NE-01",28,"Breast Cancer","Invasive Breast Carcinoma",1,"Stage IIB","Positive",0.0132,"Negative",NA,NA,NA,"M0","Negative",4,6,NA,"N1","Positive","BRCA",0,"0:LIVING",NA,"Positive",NA,1,"Primary","Female",NA,NA,"Matched","enrollment",NA,"T2","T_Other"
"741","brca_tcga_pub","TCGA-E9-A1NF-01",60,"Breast Cancer","Invasive Breast Carcinoma",5,"Stage IIA","Positive",0.4963,"Negative",NA,NA,NA,"M0","Negative",4,4,NA,"N0","Negative","BRCA",0,"0:LIVING",NA,"Positive",NA,1,"Primary","Female",NA,NA,"Matched","enrollment",NA,"T2","T_Other"
"742","brca_tcga_pub","TCGA-E9-A1NG-01",62,"Breast Cancer","Invasive Breast Carcinoma",1,"Stage IIA","Positive",0.0874,"Negative",NA,NA,NA,"M0","Negative",2,4,NA,"N0","Negative","BRCA",0,"0:LIVING",NA,"Positive",NA,1,"Primary","Female",NA,NA,"Matched","enrollment",NA,"T2","T_Other"
"743","brca_tcga_pub","TCGA-E9-A1NH-01",71,"Breast Cancer","Invasive Breast Carcinoma",2,"Stage IIB","Positive",0.123,"Negative",NA,NA,NA,"M0","Negative",4,4,NA,"N1","Positive","BRCA",0,"0:LIVING",NA,"Positive",NA,1,"Primary","Female",NA,NA,"Matched","enrollment",NA,"T2","T_Other"
"744","brca_tcga_pub","TCGA-E9-A1NI-01",51,"Breast Cancer","Invasive Breast Carcinoma",2,"Stage IIA","Positive",0.3954,"Negative",NA,NA,NA,"M0","Negative",4,4,NA,"N0","Negative","BRCA",0,"0:LIVING",NA,"Positive",NA,1,"Primary","Female",NA,NA,"Matched","enrollment",NA,"T2","T_Other"
"745","brca_tcga_pub","TCGA-E9-A1QZ-01",61,"Breast Cancer","Invasive Breast Carcinoma",3,"Stage IIA","Not Performed",0.104,"Negative",NA,NA,NA,"M0","Negative",1,NA,NA,"N0","Negative","BRCA",0,"0:LIVING",NA,"Not Performed",NA,1,"Primary","Female",NA,NA,"Matched","enrollment",NA,"T2","T_Other"
"746","brca_tcga_pub","TCGA-E9-A1R0-01",58,"Breast Cancer","Invasive Breast Carcinoma",2,"Stage IIA","Not Performed",0.097,"Negative",NA,NA,NA,"M0","Negative",4,NA,NA,"N1","Positive","BRCA",0,"0:LIVING",NA,"Not Performed",NA,1,"Primary","Female",NA,NA,"Matched","enrollment",NA,"T1","T1"
"747","brca_tcga_pub","TCGA-E9-A1R2-01",51,"Breast Cancer","Invasive Breast Carcinoma",5,"Stage IIIC","Positive",0.3226,"Negative",NA,NA,NA,"M0","Negative",4,7,NA,"N3","Positive","BRCA",0.62,"0:LIVING",NA,"Negative",NA,1,"Primary","Female",NA,NA,"Matched","enrollment",NA,"T2","T_Other"
"748","brca_tcga_pub","TCGA-E9-A1R3-01",70,"Breast Cancer","Invasive Breast Carcinoma",2,"Stage IIIC","Not Performed",0.3326,"Negative",NA,NA,NA,"M0","Negative",1,4,NA,"N3","Positive","BRCA",2.1,"0:LIVING",NA,"Not Performed",NA,1,"Primary","Female",NA,NA,"Matched","enrollment",NA,"T2","T_Other"
"749","brca_tcga_pub","TCGA-E9-A1R4-01",66,"Breast Cancer","Invasive Breast Carcinoma",1,"Stage I","Not Performed",0.3172,"Negative",NA,NA,NA,"M0","Negative",1,4,NA,"N0","Negative","BRCA",0.95,"0:LIVING",NA,"Not Performed",NA,1,"Primary","Female",NA,NA,"Matched","enrollment",NA,"T1","T1"
"750","brca_tcga_pub","TCGA-E9-A1R5-01",63,"Breast Cancer","Invasive Breast Carcinoma",2,"Stage I","Not Performed",0.2577,"Negative",NA,NA,NA,"M0","Negative",3,4,NA,"N0","Negative","BRCA",1.38,"0:LIVING",NA,"Not Performed",NA,1,"Primary","Female",NA,NA,"Matched","enrollment",NA,"T1","T1"
"751","brca_tcga_pub","TCGA-E9-A1R6-01",63,"Breast Cancer","Invasive Breast Carcinoma",4,"Stage IIA","Not Performed",0.4507,"Negative",NA,NA,NA,"M0","Negative",3,2,NA,"N0","Negative","BRCA",2.76,"0:LIVING",NA,"Not Performed",NA,1,"Primary","Female",NA,NA,"Matched","enrollment",NA,"T2","T_Other"
"752","brca_tcga_pub","TCGA-E9-A1R7-01",64,"Breast Cancer","Invasive Breast Carcinoma",5,"Stage IIA","Not Performed",0.3827,"Negative",NA,NA,NA,"M0","Negative",3,1,NA,"N0","Negative","BRCA",1.12,"0:LIVING",NA,"Not Performed",NA,1,"Primary","Female",NA,NA,"Matched","enrollment",NA,"T2","T_Other"
"753","brca_tcga_pub","TCGA-E9-A1RA-01",48,"Breast Cancer","Invasive Breast Carcinoma",3,"Stage I","Not Performed",0.0886,"Negative",NA,NA,NA,"M0","Negative",1,6,NA,"N0","Negative","BRCA",0.95,"0:LIVING",NA,"Not Performed",NA,1,"Primary","Female",NA,NA,"Matched","enrollment",NA,"T1","T1"
"754","brca_tcga_pub","TCGA-E9-A1RB-01",40,"Breast Cancer","Invasive Breast Carcinoma",4,"Stage IIA","Not Performed",0.6044,"Negative",NA,NA,NA,"M0","Negative",1,NA,NA,"N0","Negative","BRCA",0.69,"0:LIVING",NA,"Not Performed",NA,1,"Primary","Female",NA,NA,"Matched","enrollment",NA,"T2","T_Other"
"755","brca_tcga_pub","TCGA-E9-A1RC-01",56,"Breast Cancer","Invasive Breast Carcinoma",3,"Stage IIIC","Not Performed",0.2996,"Negative",NA,NA,NA,"M0","Negative",3,NA,NA,"N3","Positive","BRCA",40.35,"0:LIVING",NA,"Not Performed",NA,1,"Primary","Female",NA,NA,"Matched","enrollment",NA,"T4","T_Other"
"756","brca_tcga_pub","TCGA-E9-A1RD-01",67,"Breast Cancer","Invasive Breast Carcinoma",2,"Stage IIA","Not Performed",0.2262,"Negative",NA,NA,NA,"M0","Negative",3,NA,NA,"N0","Negative","BRCA",0.66,"0:LIVING",NA,"Not Performed",NA,1,"Primary","Female",NA,NA,"Matched","enrollment",NA,"T2","T_Other"
"757","brca_tcga_pub","TCGA-E9-A1RE-01",74,"Breast Cancer","Invasive Breast Carcinoma",4,"Stage IIIA","Not Performed",0.5125,"Negative",NA,NA,NA,"M0","Negative",3,NA,NA,"N2","Positive","BRCA",1.54,"0:LIVING",NA,"Not Performed",NA,1,"Primary","Female",NA,NA,"Matched","enrollment",NA,"T2","T_Other"
"758","brca_tcga_pub","TCGA-E9-A1RF-01",68,"Breast Cancer","Invasive Breast Carcinoma",5,"Stage IIIA","Not Performed",0.4068,"Negative",NA,NA,NA,"M0","Negative",3,NA,NA,"N2","Positive","BRCA",1.25,"0:LIVING",NA,"Not Performed",NA,1,"Primary","Female",NA,NA,"Matched","enrollment",NA,"T2","T_Other"
"759","brca_tcga_pub","TCGA-E9-A1RG-01",62,"Breast Cancer","Invasive Breast Carcinoma",2,"Stage IIIA","Not Performed",0.6107,"Negative",NA,NA,NA,"M0","Negative",2,5,NA,"N2","Positive","BRCA",1.15,"0:LIVING",NA,"Not Performed",NA,1,"Primary","Female",NA,NA,"Matched","enrollment",NA,"T1","T1"
"760","brca_tcga_pub","TCGA-E9-A1RH-01",63,"Breast Cancer","Invasive Breast Carcinoma",4,"Stage IIA","Not Performed",0.4291,"Negative",NA,NA,NA,"M0","Negative",4,4,NA,"N0","Negative","BRCA",0.46,"0:LIVING",NA,"Not Performed",NA,1,"Primary","Female",NA,NA,"Matched","enrollment",NA,"T2","T_Other"
"761","brca_tcga_pub","TCGA-E9-A1RI-01",43,"Breast Cancer","Invasive Breast Carcinoma",2,"Stage IIIA","Not Performed",0.1189,NA,NA,NA,NA,"M0","Negative",1,4,NA,"N2","Positive","BRCA",1.58,"0:LIVING",NA,"Not Performed",NA,1,"Primary","Female",NA,NA,"Matched","enrollment",NA,"T1","T1"
"762","brca_tcga_pub","TCGA-E9-A226-01",45,"Breast Cancer","Invasive Breast Carcinoma",2,"Stage IIIA","Not Performed",0.2557,"Negative",NA,NA,NA,"M0","Negative",3,NA,NA,"N2","Positive","BRCA",0.53,"0:LIVING",NA,"Not Performed",NA,1,"Primary","Female",NA,NA,"Matched","enrollment",NA,"T2","T_Other"
"763","brca_tcga_pub","TCGA-E9-A227-01",42,"Breast Cancer","Invasive Breast Carcinoma",2,"Stage IIB","Positive",0.0506,"Negative",NA,NA,NA,"M0","Negative",1,NA,NA,"N1","Positive","BRCA",0.79,"0:LIVING",NA,"Positive",NA,1,"Primary","Female",NA,NA,"Matched","enrollment",NA,"T2","T_Other"
"764","brca_tcga_pub","TCGA-E9-A228-01",58,"Breast Cancer","Invasive Breast Carcinoma",5,"Stage IIB","Not Performed",0.1701,"Positive",NA,NA,NA,"M0","Negative",3,NA,NA,"N1","Positive","BRCA",0,"0:LIVING",NA,"Not Performed",NA,1,"Primary","Female",NA,NA,"Matched","enrollment",NA,"T2","T_Other"
"765","brca_tcga_pub","TCGA-E9-A229-01",37,"Breast Cancer","Invasive Breast Carcinoma",5,"Stage I","Not Performed",0.1635,"Negative",NA,NA,NA,"M0","Negative",1,NA,NA,"N0","Negative","BRCA",0,"0:LIVING",NA,"Not Performed",NA,1,"Primary","Female",NA,NA,"Matched","enrollment",NA,"T1","T1"
"766","brca_tcga_pub","TCGA-E9-A22A-01",74,"Breast Cancer","Invasive Breast Carcinoma",1,"Stage IIA","Positive",0.3124,"Negative",NA,NA,NA,"M0","Negative",3,NA,NA,"N0","Negative","BRCA",0,"0:LIVING",NA,"Negative",NA,1,"Primary","Female",NA,NA,"Matched","enrollment",NA,"T2","T_Other"
"767","brca_tcga_pub","TCGA-E9-A22B-01",71,"Breast Cancer","Invasive Breast Carcinoma",5,"Stage I","Positive",0.2412,"Negative",NA,NA,NA,"M0","Negative",3,NA,NA,"N0","Negative","BRCA",0,"0:LIVING",NA,"Negative",NA,1,"Primary","Female",NA,NA,"Matched","enrollment",NA,"T1","T1"
"768","brca_tcga_pub","TCGA-E9-A22D-01",38,"Breast Cancer","Invasive Breast Carcinoma",5,"Stage IIA","Positive",0.2295,"Positive",NA,NA,NA,"M0","Negative",3,NA,NA,"N0","Negative","BRCA",0,"0:LIVING",NA,"Positive",NA,1,"Primary","Female",NA,NA,"Matched","enrollment",NA,"T2","T_Other"
"769","brca_tcga_pub","TCGA-E9-A22E-01",56,"Breast Cancer","Invasive Breast Carcinoma",1,"Stage IIIA","Positive",0.4323,"Negative",NA,NA,NA,"M0","Negative",4,NA,NA,"N2","Positive","BRCA",0,"0:LIVING",NA,"Positive",NA,1,"Primary","Female",NA,NA,"Matched","enrollment",NA,"T2","T_Other"
"770","brca_tcga_pub","TCGA-E9-A22G-01",47,"Breast Cancer","Invasive Breast Carcinoma",1,"Stage IIA","Negative",0.8768,"Negative",NA,NA,NA,"M0","Negative",3,NA,NA,"N0","Negative","BRCA",0,"0:LIVING",NA,"Negative",NA,1,"Primary","Female",NA,NA,"Matched","enrollment",NA,"T2","T_Other"
"771","brca_tcga_pub","TCGA-E9-A22H-01",42,"Breast Cancer","Invasive Breast Carcinoma",2,"Stage IIB","Positive",0.1039,"Negative",NA,NA,NA,"M0","Negative",1,NA,NA,"N1","Positive","BRCA",0,"0:LIVING",NA,"Positive",NA,1,"Primary","Female",NA,NA,"Matched","enrollment",NA,"T2","T_Other"
"772","brca_tcga_pub","TCGA-E9-A243-01",52,"Breast Cancer","Invasive Breast Carcinoma",3,"Stage IIA","Not Performed",0.1011,"Negative",NA,NA,NA,"M0","Negative",5,3,NA,"N0","Negative","BRCA",1.41,"0:LIVING",NA,"Not Performed",NA,1,"Primary","Female",NA,NA,"Matched","enrollment",NA,"T2","T_Other"
"773","brca_tcga_pub","TCGA-E9-A244-01",54,"Breast Cancer","Invasive Breast Carcinoma",1,"Stage IIA","Not Performed",0.3765,"Negative",NA,NA,NA,"M0","Negative",5,NA,NA,"N0","Negative","BRCA",0.66,"0:LIVING",NA,"Not Performed",NA,1,"Primary","Female",NA,NA,"Matched","enrollment",NA,"T2","T_Other"
"774","brca_tcga_pub","TCGA-E9-A245-01",47,"Breast Cancer","Invasive Breast Carcinoma",3,"Stage IIB","Not Performed",0.0345,"Negative",NA,NA,NA,"M0","Negative",2,NA,NA,"N1","Positive","BRCA",0.82,"0:LIVING",NA,"Not Performed",NA,1,"Primary","Female",NA,NA,"Matched","enrollment",NA,"T2","T_Other"
"775","brca_tcga_pub","TCGA-E9-A247-01",59,"Breast Cancer","Invasive Breast Carcinoma",4,"Stage I","Not Performed",0.7006,"Negative",NA,NA,NA,"M0","Negative",3,NA,NA,"N0","Negative","BRCA",0.39,"0:LIVING",NA,"Not Performed",NA,1,"Primary","Female",NA,NA,"Matched","enrollment",NA,"T1","T1"
"776","brca_tcga_pub","TCGA-E9-A248-01",51,"Breast Cancer","Invasive Breast Carcinoma",4,"Stage IIA","Not Performed",0.079,"Negative",NA,NA,NA,"M0","Negative",1,3,NA,"N0","Negative","BRCA",0.69,"0:LIVING",NA,"Not Performed",NA,1,"Primary","Female",NA,NA,"Matched","enrollment",NA,"T2","T_Other"
"777","brca_tcga_pub","TCGA-E9-A249-01",45,"Breast Cancer","Invasive Breast Carcinoma",2,"Stage IIA","Not Performed",0.4018,"Negative",NA,NA,NA,"M0","Negative",4,3,NA,"N0","Negative","BRCA",0.92,"0:LIVING",NA,"Not Performed",NA,1,"Primary","Female",NA,NA,"Matched","enrollment",NA,"T2","T_Other"
"778","brca_tcga_pub","TCGA-E9-A24A-01",69,"Breast Cancer","Invasive Breast Carcinoma",2,"Stage IIA","Not Performed",0.1266,"Negative",NA,NA,NA,"M0","Negative",2,2,NA,"N1","Positive","BRCA",0.33,"0:LIVING",NA,"Not Performed",NA,1,"Primary","Female",NA,NA,"Matched","enrollment",NA,"T1","T1"
"779","brca_tcga_pub","TCGA-E9-A295-01",NA,"Breast Cancer","Invasive Breast Carcinoma",3,NA,NA,0.4456,NA,NA,NA,NA,NA,NA,4,NA,NA,NA,NA,"BRCA",NA,NA,NA,NA,NA,1,"Primary",NA,NA,NA,"Matched",NA,NA,NA,NA
"780","brca_tcga_pub","TCGA-EW-A1IW-01",80,"Breast Cancer","Invasive Breast Carcinoma",2,"Stage IIB","Positive",0.1756,"Positive",NA,NA,NA,"M0","Negative",3,4,NA,"N1","Positive","BRCA",8.28,"0:LIVING",NA,"Positive",NA,1,"Primary","Female",NA,NA,"Matched","enrollment",NA,"T2","T_Other"
"781","brca_tcga_pub","TCGA-EW-A1IX-01",48,"Breast Cancer","Invasive Breast Carcinoma",4,"Stage IIA","Positive",0.0676,"Negative",NA,NA,NA,"M0","Negative",1,4,NA,"N1","Positive","BRCA",35.55,"0:LIVING",NA,"Positive",NA,1,"Primary","Female",NA,NA,"Matched","enrollment",NA,"T1","T1"
"782","brca_tcga_pub","TCGA-EW-A1IY-01",38,"Breast Cancer","Invasive Breast Carcinoma",2,"Stage I","Positive",0.0644,"Negative",NA,NA,NA,"M0","Negative",1,7,NA,"N0","Negative","BRCA",8.48,"0:LIVING",NA,"Positive",NA,1,"Primary","Female",NA,NA,"Matched","enrollment",NA,"T1","T1"
"783","brca_tcga_pub","TCGA-EW-A1IZ-01",53,"Breast Cancer","Invasive Breast Carcinoma",1,"Stage IIIA","Positive",0.0078,"Negative",NA,NA,NA,"M0","Negative",2,3,NA,"N2","Positive","BRCA",8.54,"0:LIVING",NA,"Positive",NA,1,"Primary","Female",NA,NA,"Matched","enrollment",NA,"T2","T_Other"
"784","brca_tcga_pub","TCGA-EW-A1J1-01",38,"Breast Cancer","Invasive Breast Carcinoma",2,"Stage IIB","Positive",0.2787,"Negative",NA,NA,NA,"M0","Negative",2,5,NA,"N1","Positive","BRCA",9.27,"0:LIVING",NA,"Positive",NA,1,"Primary","Female",NA,NA,"Matched","enrollment",NA,"T2","T_Other"
"785","brca_tcga_pub","TCGA-EW-A1J2-01",50,"Breast Cancer","Invasive Breast Carcinoma",2,"Stage IIA","Positive",0.1378,"Negative",NA,NA,NA,"M0","Negative",2,6,NA,"N1","Positive","BRCA",4.57,"0:LIVING",NA,"Positive",NA,1,"Primary","Female",NA,NA,"Matched","enrollment",NA,"T1","T1"
"786","brca_tcga_pub","TCGA-EW-A1J3-01",61,"Breast Cancer","Invasive Breast Carcinoma",2,"Stage I","Positive",0.1817,"Positive",NA,NA,NA,"M0","Negative",4,2,NA,"N0","Negative","BRCA",8.28,"0:LIVING",NA,"Positive",NA,1,"Primary","Female",NA,NA,"Matched","enrollment",NA,"T1","T1"
"787","brca_tcga_pub","TCGA-EW-A1J5-01",59,"Breast Cancer","Invasive Breast Carcinoma",5,"Stage IIB","Positive",0.1777,"Negative",NA,NA,NA,"M0","Negative",4,7,NA,"N0","Negative","BRCA",7.46,"0:LIVING",NA,"Positive",NA,1,"Primary","Female",NA,NA,"Matched","enrollment",NA,"T3","T_Other"
"788","brca_tcga_pub","TCGA-EW-A1J6-01",70,"Breast Cancer","Invasive Breast Carcinoma",4,"Stage I","Positive",0.9022,"Negative",NA,NA,NA,"M0","Negative",5,2,NA,"N0","Negative","BRCA",19.55,"0:LIVING",NA,"Positive",NA,1,"Primary","Female",NA,NA,"Matched","enrollment",NA,"T1","T1"
"789","brca_tcga_pub","TCGA-EW-A1OV-01",56,"Breast Cancer","Invasive Breast Carcinoma",1,"Stage IIB","Negative",0.3884,"Negative",NA,NA,NA,"M0","Negative",4,5,NA,"N1","Positive","BRCA",17.15,"0:LIVING",NA,"Negative",NA,1,"Primary","Female",NA,NA,"Matched","enrollment",NA,"T2","T_Other"
"790","brca_tcga_pub","TCGA-EW-A1OW-01",58,"Breast Cancer","Invasive Breast Carcinoma",1,"Stage IIA","Negative",0.4637,"Negative",NA,NA,NA,"M0","Negative",5,NA,NA,"N0","Negative","BRCA",15.21,"0:LIVING",NA,"Negative",NA,1,"Primary","Female",NA,NA,"Matched","enrollment",NA,"T2","T_Other"
"791","brca_tcga_pub","TCGA-EW-A1OX-01",43,"Breast Cancer","Invasive Breast Carcinoma",3,"Stage IIA","Positive",0.0924,"Negative",NA,NA,NA,"M0","Negative",3,1,NA,"N0","Negative","BRCA",18.46,"0:LIVING",NA,"Positive",NA,1,"Primary","Female",NA,NA,"Matched","enrollment",NA,"T2","T_Other"
"792","brca_tcga_pub","TCGA-EW-A1OY-01",63,"Breast Cancer","Invasive Breast Carcinoma",5,"Stage IIA","Positive",0.593,"Negative",NA,NA,NA,"M0","Negative",2,4,NA,"N0","Negative","BRCA",19.48,"0:LIVING",NA,"Positive",NA,1,"Primary","Female",NA,NA,"Matched","enrollment",NA,"T2","T_Other"
"793","brca_tcga_pub","TCGA-EW-A1OZ-01",56,"Breast Cancer","Invasive Breast Carcinoma",5,"Stage IIA","Positive",0.6261,"Positive",NA,NA,NA,"M0","Negative",4,4,NA,"N0","Negative","BRCA",30.92,"0:LIVING",NA,"Negative",NA,1,"Primary","Female",NA,NA,"Matched","enrollment",NA,"T2","T_Other"
"794","brca_tcga_pub","TCGA-EW-A1P0-01",55,"Breast Cancer","Invasive Breast Carcinoma",4,"Stage IIB","Positive",0.2439,"Negative",NA,NA,NA,"M0","Negative",5,7,NA,"N1","Positive","BRCA",36.83,"0:LIVING",NA,"Negative",NA,1,"Primary","Female",NA,NA,"Matched","enrollment",NA,"T2","T_Other"
"795","brca_tcga_pub","TCGA-EW-A1P1-01",68,"Breast Cancer","Invasive Breast Carcinoma",1,"Stage IIIC","Negative",8e-04,"Negative",NA,NA,NA,"M0","Negative",1,6,NA,"N3","Positive","BRCA",30.19,"0:LIVING",NA,"Negative",NA,1,"Primary","Female",NA,NA,"Matched","enrollment",NA,"T2","T_Other"
"796","brca_tcga_pub","TCGA-EW-A1P3-01",48,"Breast Cancer","Invasive Breast Carcinoma",2,"Stage IIA","Positive",0.2396,"Negative",NA,NA,NA,"M0","Negative",1,4,NA,"N0","Negative","BRCA",32.43,"0:LIVING",NA,"Positive",NA,1,"Primary","Female",NA,NA,"Matched","enrollment",NA,"T2","T_Other"
"797","brca_tcga_pub","TCGA-EW-A1P4-01",43,"Breast Cancer","Invasive Breast Carcinoma",1,"Stage IIA","Negative",0.4697,"Negative",NA,NA,NA,"M0","Negative",5,5,NA,"N0","Negative","BRCA",16.46,"0:LIVING",NA,"Negative",NA,1,"Primary","Female",NA,NA,"Matched","enrollment",NA,"T2","T_Other"
"798","brca_tcga_pub","TCGA-EW-A1P5-01",77,"Breast Cancer","Invasive Breast Carcinoma",3,"Stage IIB","Positive",0.2559,"Negative",NA,NA,NA,"M0","Negative",4,3,NA,"N1","Positive","BRCA",11.99,"0:LIVING",NA,"Positive",NA,1,"Primary","Female",NA,NA,"Matched","enrollment",NA,"T2","T_Other"
"799","brca_tcga_pub","TCGA-EW-A1P6-01",64,"Breast Cancer","Invasive Breast Carcinoma",4,"Stage IIB","Positive",0.0919,"Negative",NA,NA,NA,"M0","Negative",2,2,NA,"N1","Positive","BRCA",10.25,"0:LIVING",NA,"Positive",NA,1,"Primary","Female",NA,NA,"Matched","enrollment",NA,"T2","T_Other"
"800","brca_tcga_pub","TCGA-EW-A1P7-01",59,"Breast Cancer","Invasive Breast Carcinoma",1,"Stage IIA","Negative",0.0027,"Negative",NA,NA,NA,"M0","Negative",5,3,NA,"N0","Negative","BRCA",20.86,"0:LIVING",NA,"Negative",NA,1,"Primary","Female",NA,NA,"Matched","enrollment",NA,"T2","T_Other"
"801","brca_tcga_pub","TCGA-EW-A1P8-01",58,"Breast Cancer","Invasive Breast Carcinoma",3,"Stage IIIC","Negative",0.9462,"Negative",NA,NA,NA,"M0","Negative",5,5,NA,"N3","Positive","BRCA",7.85,"1:DECEASED",NA,"Negative",NA,1,"Primary","Female",NA,NA,"Matched","enrollment",NA,"T2","T_Other"
"802","brca_tcga_pub","TCGA-EW-A1PA-01",59,"Breast Cancer","Invasive Breast Carcinoma",1,"Stage IIB","Positive",0.3026,"Negative",NA,NA,NA,"M0","Negative",4,NA,NA,"N1","Positive","BRCA",8.77,"0:LIVING",NA,"Positive",NA,1,"Primary","Female",NA,NA,"Matched","enrollment",NA,"T2","T_Other"
"803","brca_tcga_pub","TCGA-EW-A1PB-01",70,"Breast Cancer","Invasive Breast Carcinoma",3,"Stage IIIA","Negative",0.1579,"Negative",NA,NA,NA,"M0","Negative",5,2,NA,"N1","Positive","BRCA",19.98,"0:LIVING",NA,"Negative",NA,1,"Primary","Female",NA,NA,"Matched","enrollment",NA,"T3","T_Other"
"804","brca_tcga_pub","TCGA-EW-A1PD-01",61,"Breast Cancer","Invasive Breast Carcinoma",5,"Stage IIA","Positive",0.3329,"Positive",NA,NA,NA,"M0","Negative",2,4,NA,"N1","Positive","BRCA",5.72,"0:LIVING",NA,"Positive",NA,1,"Primary","Male",NA,NA,"Matched","enrollment",NA,"T1","T1"
"805","brca_tcga_pub","TCGA-EW-A1PE-01",56,"Breast Cancer","Invasive Breast Carcinoma",2,"Stage IIA","Positive",0.1758,"Negative",NA,NA,NA,"M0","Negative",1,3,NA,"N1","Positive","BRCA",4.57,"0:LIVING",NA,"Positive",NA,1,"Primary","Female",NA,NA,"Matched","enrollment",NA,"T1","T1"
"806","brca_tcga_pub","TCGA-EW-A1PF-01",50,"Breast Cancer","Invasive Breast Carcinoma",5,"Stage I","Positive",0.2254,"Negative",NA,NA,NA,"M0","Negative",1,4,NA,"N0","Negative","BRCA",4.57,"0:LIVING",NA,"Positive",NA,1,"Primary","Female",NA,NA,"Matched","enrollment",NA,"T1","T1"
"807","brca_tcga_pub","TCGA-EW-A1PG-01",53,"Breast Cancer","Invasive Breast Carcinoma",1,"Stage IIB","Positive",4e-04,"Negative",NA,NA,NA,"M0","Negative",1,6,NA,"N1","Positive","BRCA",28.75,"0:LIVING",NA,"Positive",NA,1,"Primary","Female",NA,NA,"Matched","enrollment",NA,"T2","T_Other"
"808","brca_tcga_pub","TCGA-EW-A1PH-01",52,"Breast Cancer","Invasive Breast Carcinoma",1,"Stage IIA","Negative",0.4664,NA,NA,NA,NA,"M0","Negative",5,5,NA,"N1","Positive","BRCA",4.57,"0:LIVING",NA,"Negative",NA,1,"Primary","Female",NA,NA,"Matched","enrollment",NA,"T1","T1"
"809","brca_tcga_pub","TCGA-EW-A2FS-01",41,"Breast Cancer","Invasive Breast Carcinoma",5,NA,"Positive",0.1908,NA,NA,NA,NA,NA,NA,4,NA,NA,NA,NA,"BRCA",38.54,"0:LIVING",NA,"Negative",NA,1,"Primary","Female",NA,NA,"Matched","enrollment",NA,NA,NA
"810","brca_tcga_pub","TCGA-EW-A2FV-01",39,"Breast Cancer","Invasive Breast Carcinoma",3,NA,"Positive",0.1508,NA,NA,NA,NA,NA,NA,4,NA,NA,NA,NA,"BRCA",7.82,"0:LIVING",NA,"Positive",NA,1,"Primary","Female",NA,NA,"Matched","enrollment",NA,NA,NA
"811","brca_tcga_pub","TCGA-EW-A2FW-01",52,"Breast Cancer","Invasive Breast Carcinoma",3,NA,"Positive",0.2122,NA,NA,NA,NA,NA,NA,2,NA,NA,NA,NA,"BRCA",6.24,"0:LIVING",NA,"Positive",NA,1,"Primary","Female",NA,NA,"Matched","enrollment",NA,NA,NA
"812","brca_tcga_pub","TCGA-GI-A2C8-01",NA,"Breast Cancer","Invasive Breast Carcinoma",3,NA,NA,0.5576,NA,NA,NA,NA,NA,NA,3,NA,NA,NA,NA,"BRCA",NA,NA,NA,NA,NA,1,"Primary",NA,NA,NA,"Matched",NA,NA,NA,NA
"813","brca_tcga_pub","TCGA-GM-A2D9-01",69,"Breast Cancer","Invasive Breast Carcinoma",NA,NA,"Positive",0.1545,NA,NA,NA,NA,NA,NA,NA,NA,NA,NA,NA,"BRCA",59.53,"1:DECEASED",NA,"Positive",NA,1,"Primary","Female",NA,NA,"Matched","enrollment",NA,NA,NA
"814","brca_tcga_pub","TCGA-GM-A2DA-01",46,"Breast Cancer","Invasive Breast Carcinoma",NA,NA,"Positive",0.1413,NA,NA,NA,NA,NA,NA,NA,NA,NA,NA,NA,"BRCA",194.14,"0:LIVING",NA,"Positive",NA,1,"Primary","Female",NA,NA,"Matched","enrollment",NA,NA,NA
"815","brca_tcga_pub","TCGA-GM-A2DB-01",62,"Breast Cancer","Invasive Breast Carcinoma",NA,NA,"Negative",0.2286,NA,NA,NA,NA,NA,NA,NA,NA,NA,NA,NA,"BRCA",53.06,"0:LIVING",NA,"Negative",NA,1,"Primary","Female",NA,NA,"Matched","enrollment",NA,NA,NA
"816","brca_tcga_pub","TCGA-GM-A2DC-01",57,"Breast Cancer","Invasive Breast Carcinoma",NA,NA,"Positive",0.413,NA,NA,NA,NA,NA,NA,NA,NA,NA,NA,NA,"BRCA",53.49,"0:LIVING",NA,"Positive",NA,1,"Primary","Female",NA,NA,"Matched","enrollment",NA,NA,NA
"817","brca_tcga_pub","TCGA-GM-A2DD-01",53,"Breast Cancer","Invasive Breast Carcinoma",NA,NA,"Negative",0.117,NA,NA,NA,NA,NA,NA,NA,NA,NA,NA,NA,"BRCA",43.01,"0:LIVING",NA,"Negative",NA,1,"Primary","Female",NA,NA,"Matched","enrollment",NA,NA,NA
"818","brca_tcga_pub","TCGA-GM-A2DF-01",53,"Breast Cancer","Invasive Breast Carcinoma",NA,NA,"Negative",0.1934,NA,NA,NA,NA,NA,NA,NA,NA,NA,NA,NA,"BRCA",42.68,"0:LIVING",NA,"Negative",NA,1,"Primary","Female",NA,NA,"Matched","enrollment",NA,NA,NA
"819","brca_tcga_pub","TCGA-GM-A2DH-01",58,"Breast Cancer","Invasive Breast Carcinoma",NA,NA,"Negative",0.2932,NA,NA,NA,NA,NA,NA,NA,NA,NA,NA,NA,"BRCA",42.25,"0:LIVING",NA,"Negative",NA,1,"Primary","Female",NA,NA,"Matched","enrollment",NA,NA,NA
"820","brca_tcga_pub","TCGA-GM-A2DI-01",52,"Breast Cancer","Invasive Breast Carcinoma",NA,NA,"Negative",0.0143,NA,NA,NA,NA,NA,NA,NA,NA,NA,NA,NA,"BRCA",61.87,"0:LIVING",NA,"Negative",NA,1,"Primary","Female",NA,NA,"Matched","enrollment",NA,NA,NA
"821","brca_tcga_pub","TCGA-GM-A2DK-01",58,"Breast Cancer","Invasive Breast Carcinoma",NA,NA,"Positive",0.1815,NA,NA,NA,NA,NA,NA,NA,NA,NA,NA,NA,"BRCA",62.29,"0:LIVING",NA,"Negative",NA,1,"Primary","Female",NA,NA,"Matched","enrollment",NA,NA,NA
"822","brca_tcga_pub","TCGA-GM-A2DL-01",50,"Breast Cancer","Invasive Breast Carcinoma",NA,NA,"Positive",0.1835,NA,NA,NA,NA,NA,NA,NA,NA,NA,NA,NA,"BRCA",90.75,"0:LIVING",NA,"Positive",NA,1,"Primary","Female",NA,NA,"Matched","enrollment",NA,NA,NA
"823","brca_tcga_pub","TCGA-GM-A2DM-01",57,"Breast Cancer","Invasive Breast Carcinoma",NA,NA,"Positive",0.0055,NA,NA,NA,NA,NA,NA,NA,NA,NA,NA,NA,"BRCA",76.58,"0:LIVING",NA,"Positive",NA,1,"Primary","Female",NA,NA,"Matched","enrollment",NA,NA,NA
"824","brca_tcga_pub","TCGA-GM-A2DN-01",58,"Breast Cancer","Invasive Breast Carcinoma",NA,NA,"Positive",0.0649,NA,NA,NA,NA,NA,NA,NA,NA,NA,NA,NA,"BRCA",77.27,"0:LIVING",NA,"Positive",NA,1,"Primary","Female",NA,NA,"Matched","enrollment",NA,NA,NA
"825","brca_tcga_pub","TCGA-GM-A2DO-01",54,"Breast Cancer","Invasive Breast Carcinoma",NA,NA,"Positive",0.0343,NA,NA,NA,NA,NA,NA,NA,NA,NA,NA,NA,"BRCA",53.29,"0:LIVING",NA,"Positive",NA,1,"Primary","Female",NA,NA,"Matched","enrollment",NA,NA,NA
